X,Y,Hoogte,EC_0.5m,EC_1m,EC_1.5m,EC_3m,Hoogte2,speed(km/h,tare(kg),workwidth(,yield(ton/,point_weig,tarecorrec,tarecorre2,SampleID
5.83382790560836,52.6620167545412,-6.57,13.232,28.583,32.42,46.702,-4,2.836,21,2.25,57.78,0.176,57.78,129.133,1
5.83390507937038,52.6619406089747,-6.46,11.566,26.923,31.616,48.944,-4,3.692,21,2.25,42.036,0.367,42.036,103.128,2
5.83398654068218,52.661860209379,-6.5,11.229,26.091,31.495,48.801,-4,5.018,21,2.25,36.516,0.85,36.516,113.091,3
5.8340602291715,52.6617874448793,-6.5,11.628,26.608,31.862,48.726,-4,5.812,21,2.25,47.099,0.965,47.099,112.331,4
5.83413782397563,52.6617109177753,-6.5,11.373,26.052,31.303,48.082,-4,6.056,21,2.25,41.248,1.538,41.248,109.942,5
5.83421542889478,52.6616343357486,-6.5,11.631,26.807,31.864,48.755,-4,6.226,21,2.25,46.753,1.518,46.753,112.022,6
5.83429295708975,52.6615578078204,-6.5,11.529,26.564,31.784,48.779,-4,6.369,21,2.25,39.992,1.652,39.992,116.522,7
5.83436531238758,52.6614864050526,-6.5,11.996,27.707,33.096,50.72,-4,6.367,21,2.25,37.685,1.842,37.685,110.323,8
5.83444811110764,52.6614046422868,-6.5,11.885,27.701,33.293,51.392,-4,6.331,21,2.25,40.599,1.517,40.599,123.604,9
5.83452570169501,52.6613281146092,-6.5,12.025,28.118,33.622,52.056,-4,6.391,21,2.25,43.616,1.638,43.616,110.416,10
5.83460094953612,52.6612538743231,-6.5,12.162,28.688,34.231,53.112,-4,6.392,21,2.25,47.883,1.655,47.883,119.792,11
5.83468090748587,52.6611749491739,-6.5,12.491,29.408,35.228,54.423,-4,6.39,21,2.25,47.17,1.832,47.17,102.855,12
5.83475853096449,52.6610983657677,-6.5,13.076,31.057,36.925,57.05,-4,6.405,21,2.25,44.357,2.013,44.357,114.185,13
5.8348361477276,52.6610218369345,-6.5,12.686,30.409,36.353,56.41,-4,6.406,21,2.25,33.013,1.789,33.013,130.993,14
5.83491367849336,52.6609452533273,-6.5,12.861,30.749,36.72,57.126,-4,6.405,21,2.25,41.376,1.738,41.376,87.044,15
5.83499134337005,52.6608687252094,-6.5,12.518,30.338,36.462,56.63,-4,6.403,21,2.25,37.095,1.355,37.095,117.085,16
5.83507255700445,52.6607885930286,-6.5,11.862,28.83,34.738,54.117,-4,6.411,21,2.25,33.258,1.393,33.258,132.105,17
5.8351465958328,52.660715557065,-6.5,11.259,26.743,32.548,50.775,-4,6.377,21,2.25,36.436,1.532,36.436,108.668,18
5.8352223318356,52.6606407705957,-6.5,11.037,26.093,31.378,48.671,-4,6.386,21,2.25,35.004,1.412,35.004,89.531,19
5.83529969571233,52.660564406989,-6.43,11.062,25.49,30.614,46.995,-4,6.394,21,2.25,33.544,1.323,33.544,133.367,20
5.83537932097386,52.6604858598835,-6.42,10.911,25.079,29.968,45.951,-4,6.394,21,2.25,32.258,1.32,32.258,114.298,21
5.8354569498486,52.6604092751469,-6.4,10.699,24.44,29.219,44.974,-4,6.38,21,2.25,31.5,1.39,31.5,93.297,22
5.83553914479226,52.6603282166751,-6.4,10.408,24.029,28.673,44.424,-4,6.393,21,2.25,37.938,1.155,37.938,116.527,23
5.83561215598117,52.6602561610268,-6.49,10.427,23.862,28.613,44.073,-4,6.379,21,2.25,37.559,1.225,37.559,142.016,24
5.83568976693839,52.6601795763071,-6.5,10.51,24.36,28.996,44.617,-4,6.37,21,2.25,41.39,1.589,41.39,106.272,25
5.83576738183923,52.6601029913611,-6.5,10.835,25.047,29.793,46.316,-4,6.386,21,2.25,41.612,1.531,41.612,106.754,26
5.83584500990404,52.6600264059742,-6.5,11.431,26.755,31.694,49.023,-4,6.427,21,2.25,33.284,1.597,33.284,148.218,27
5.83592801574954,52.6599444749463,-6.5,11.71,27.903,33.293,51.867,-4,6.242,21,2.25,43.5,1.585,43.5,113.078,28
5.83600021290293,52.6598732905844,-6.44,11.682,27.631,33.334,51.947,-4,3.903,21,2.25,11.932,1.784,11.932,120.01,29
5.83606956075114,52.6598048323255,-6.4,12.445,27.593,33.019,49.476,-4,2.801,21,2.25,1.258,1.739,1.258,95.422,30
5.83619455073494,52.6598514717152,-6.46,13.41,28.689,33.156,49.142,-4,3.437,21,2.25,1.841,1.801,1.841,18.606,31
5.83612521866513,52.6599198745177,-6.5,12.397,29.128,34.361,53.092,-4,4.948,21,2.25,13.52,2.234,13.52,26.401,32
5.836047607174,52.6599964597049,-6.5,12.054,28.264,33.697,52.019,-4,6.309,21,2.25,54.416,2.078,54.416,23.818,33
5.83597008561507,52.6600730447579,-6.5,11.839,27.434,32.468,49.86,-4,6.391,21,2.25,55.467,1.594,55.467,20.102,34
5.83589256405614,52.6601496296768,-6.5,11.346,25.79,30.637,46.955,-4,6.368,21,2.25,47.855,1.774,47.855,25.151,35
5.83581495256499,52.6602262144614,-6.5,11.084,25.051,29.676,45.3,-4,6.339,21,2.25,37.626,1.499,37.626,26.253,36
5.83573734107387,52.6603027991119,-6.47,11.115,25.074,29.586,45.137,-4,6.39,21,2.25,43.123,1.68,43.123,24.206,37
5.83565981951493,52.6603793836282,-6.4,11.611,26.115,30.657,46.331,-4,6.412,21,2.25,37.831,1.465,37.831,22.95,38
5.835582297956,52.6604559680103,-6.4,11.561,26.023,30.612,46.341,-4,6.405,21,2.25,40.324,1.659,40.324,26.027,39
5.83550468646485,52.6605325522582,-6.45,11.416,25.905,30.531,46.489,-4,6.391,21,2.25,38.17,1.573,38.17,20.766,40
5.83542707497372,52.6606091363719,-6.5,11.967,27.101,31.856,48.423,-4,6.384,21,2.25,40.464,1.717,40.464,23.835,41
5.83534955341479,52.6606857203515,-6.5,12.951,29.645,34.579,52.477,-4,6.393,21,2.25,41.83,1.786,41.83,26.497,42
5.83527203185586,52.6607623041969,-6.5,12.905,29.723,35.145,53.879,-4,6.335,21,2.25,43.591,1.752,43.591,21.209,43
5.83519451029692,52.660838887908,-6.5,13.884,32.4,38.052,58.037,-4,6.255,21,2.25,45.244,1.827,45.244,21.824,44
5.83511689880577,52.6609154714851,-6.5,14.395,33.358,39.241,59.823,-4,6.199,21,2.25,48.446,1.705,48.446,26.97,45
5.83503928731465,52.6609920549279,-6.51,14.21,32.963,38.919,59.418,-4,6.065,21,2.25,45.077,1.607,45.077,22.865,46
5.83496176575572,52.6610686382365,-6.54,13.07,30.532,36.672,56.68,-4,6.146,21,2.25,45.878,1.667,45.878,21.093,47
5.83488424419678,52.661145221411,-6.58,13.359,31.031,37.032,56.953,-4,5.828,21,2.25,36.219,1.157,36.219,24.519,48
5.83480663270563,52.6612218044513,-6.58,12.977,29.968,35.962,55.301,-4,6.386,21,2.25,36.192,1.718,36.192,23.599,49
5.83472902121451,52.6612983873574,-6.54,12.731,29.209,34.925,53.59,-4,6.402,21,2.25,41.621,2.063,41.621,23.235,50
5.83465149965558,52.6613749701293,-6.53,12.251,28.124,33.721,51.655,-4,6.402,21,2.25,46.487,2.015,46.487,19.733,51
5.83457397809664,52.661451552767,-6.53,12.213,27.99,33.505,51.358,-4,6.399,21,2.25,50.028,1.871,50.028,23.071,52
5.83449645653771,52.6615281352706,-6.52,12.516,28.427,33.763,51.262,-4,6.393,21,2.25,47.408,1.955,47.408,23.803,53
5.83441893497878,52.6616047176399,-6.5,11.887,27.115,32.365,49.217,-4,6.392,21,2.25,48.178,1.974,48.178,19.818,54
5.83434141341984,52.6616812998751,-6.5,12.042,27.324,32.355,49.087,-4,6.362,21,2.25,51.155,1.797,51.155,22.235,55
5.8342638918609,52.6617578819762,-6.5,11.709,26.536,31.869,48.627,-4,6.323,21,2.25,47.85,2.015,47.85,22.552,56
5.83418637030198,52.661834463943,-6.51,11.921,26.905,32.158,49.012,-4,6.305,21,2.25,48.067,1.675,48.067,24.088,57
5.83410884874304,52.6619110457756,-6.5,12.28,27.726,33.212,50.595,-4,5.839,21,2.25,52.67,1.272,52.67,19.305,58
5.83403132718411,52.6619876274741,-6.5,11.84,27.298,32.774,50.2,-4,4.301,21,2.25,51.067,0.639,51.067,22.684,59
5.83395381595894,52.6620641542428,-6.59,13.208,28.142,32.727,47.871,-4,3.681,21,2.25,47.173,0.878,47.173,39.863,60
5.83406087664043,52.6621575347609,-6.6,13.932,27.336,32.005,45.914,-4,2.34,21,1.802,36.58,1.678,36.58,49.92,60
5.83408016037029,52.662111281543,-6.58,12.336,27.439,32.2,48.525,-4,3.134,21,2.051,37.517,1.376,37.517,44.849,61
5.83415768192922,52.6620347000612,-6.5,12.126,27.719,33.111,50.843,-4,4.972,21,2.154,46.054,1.161,46.054,46.576,62
5.83423520348815,52.6619581184452,-6.55,12.537,28.132,33.606,51.328,-4,6.141,21,2.149,52.284,1.459,52.284,47.998,63
5.83431272504709,52.661881536695,-6.59,12.205,27.407,32.721,49.859,-4,6.381,21,2.149,53.338,1.756,53.338,45.013,64
5.83439024660603,52.6618049548107,-6.56,12.059,27.288,32.534,49.624,-4,6.414,21,2.154,48.667,1.924,48.667,46.124,65
5.83446776816496,52.6617283727921,-6.57,12.119,27.201,32.373,49.201,-4,6.405,21,2.165,47.201,1.939,47.201,47.336,66
5.83454528972389,52.6616517906394,-6.59,12.357,27.921,33.037,50.272,-4,6.438,21,2.185,47.134,1.86,47.134,45.983,67
5.83462281128283,52.6615752083525,-6.6,12.463,28.147,33.381,50.737,-4,6.379,21,2.129,49.795,1.785,49.795,47.46,68
5.83470033284176,52.6614986259314,-6.6,12.187,27.829,33.195,50.866,-4,6.435,21,2.171,47.095,1.916,47.095,47.226,69
5.83477785440069,52.6614220433762,-6.6,12.386,28.447,34.042,52.333,-4,6.41,21,2.153,47.938,1.862,47.938,46.084,70
5.83485537595963,52.6613454606868,-6.6,12.938,29.507,35.112,53.754,-4,6.41,21,2.143,50.113,1.772,50.113,47.516,71
5.83493298745075,52.6612688778631,-6.6,12.609,29.039,34.875,53.77,-4,6.415,21,2.105,45.964,1.715,45.964,47.033,72
5.8350105989419,52.6611922949053,-6.6,13.039,30.197,36.216,55.884,-4,6.403,21,2.203,48.371,1.874,48.371,45.326,73
5.83508812050083,52.6611157118134,-6.6,13.685,31.712,37.742,57.941,-4,6.399,21,2.153,42.832,1.86,42.832,47.136,74
5.83516564205977,52.6610391285872,-6.59,14.083,32.886,39.058,60.092,-4,6.407,21,2.063,53.202,1.777,53.202,46.653,75
5.83524325355089,52.6609625452268,-6.57,14.115,33.162,39.436,60.715,-4,6.405,21,2.138,45.404,1.705,45.404,47.91,76
5.83532086504204,52.6608859617323,-6.56,14.119,33.203,39.231,60.382,-4,6.401,21,2.178,47.349,1.853,47.349,46.208,77
5.83539838660097,52.6608093781036,-6.5,13.527,31.596,37.31,57.423,-4,6.421,21,2.142,42.134,1.776,42.134,46.18,78
5.83547590815991,52.6607327943407,-6.5,12.711,29.468,34.7,53.361,-4,6.444,21,2.112,43.328,1.589,43.328,49.607,79
5.83555342971885,52.6606562104436,-6.5,12.549,28.822,33.62,51.458,-4,6.398,21,2.149,42.988,1.635,42.988,46.975,80
5.83563104120996,52.6605796264124,-6.45,11.759,26.8,31.657,48.479,-4,6.428,21,2.174,35.474,1.542,35.474,44.505,81
5.83570865270112,52.6605030422469,-6.4,11.254,25.544,30.488,46.869,-4,6.417,21,2.152,40.266,1.547,40.266,47.009,82
5.83578617426005,52.6604264579473,-6.41,11.519,26.329,30.92,47.202,-4,6.413,21,2.145,33.818,1.456,33.818,48.24,83
5.83586369581899,52.6603498735135,-6.5,10.8,24.421,29.1,44.808,-4,6.408,21,2.149,46.905,1.568,46.905,46.516,84
5.83594130731011,52.6602732889455,-6.5,10.895,24.527,29.29,45.018,-4,6.386,21,2.184,46.683,1.691,46.683,46.533,85
5.83601891880126,52.6601967042433,-6.5,10.938,25.125,30.158,46.546,-4,6.404,21,2.155,54.384,1.826,54.384,47.871,86
5.83609644036019,52.6601201194069,-6.5,11.437,26.895,31.99,49.427,-4,6.329,21,2.164,53.601,1.543,53.601,47.294,87
5.83617396191913,52.6600435344364,-6.5,11.566,27.04,32.371,50.028,-4,5.931,21,2.116,43.108,1.484,43.108,45.341,88
5.83625157341025,52.6599669493317,-6.5,12.097,28.261,33.446,51.751,-4,4.241,21,2.135,27.775,1.277,27.775,47.88,89
5.83632091114319,52.6598985462848,-6.5,13.548,29.126,33.587,49.506,-4,3.404,21,2.213,27.65,1.565,27.65,42.08,90
5.83644726025567,52.6599456759881,-6.5,12.603,27.063,31.741,47.081,-4,2.473,21,2.25,69.821,0.514,69.821,31.748,91
5.83637792815538,52.660014024095,-6.5,11.743,26.881,31.801,48.728,-4,3.924,21,2.25,59.791,0.398,59.791,31.988,92
5.83630031666426,52.6600906091173,-6.5,11.58,26.557,31.445,48.25,-4,5.202,21,2.232,45.479,0.816,45.479,32.714,93
5.83622279510533,52.6601671940053,-6.5,11.497,26.511,31.258,48.065,-4,6.284,21,2.213,48.143,1.745,48.143,34.795,94
5.8361452735464,52.6602437787592,-6.5,11.307,25.645,30.36,46.489,-4,6.367,21,2.25,52.488,2.041,52.488,31.306,95
5.83606766205525,52.6603203633789,-6.5,11.053,25.045,29.689,45.554,-4,6.389,21,2.188,45.004,1.958,45.004,34.832,96
5.83599005056413,52.6603969478644,-6.49,10.936,24.912,29.747,45.882,-4,6.412,21,2.216,44.391,1.974,44.391,32.601,97
5.8359125290052,52.6604735322157,-6.42,11.211,25.747,30.719,47.277,-4,6.395,21,2.25,40.825,1.877,40.825,36.409,98
5.83583500744626,52.6605501164329,-6.4,11.334,26.107,31.247,48.103,-4,6.411,21,2.203,41.403,1.739,41.403,32.054,99
5.8357573959551,52.6606267005158,-6.48,11.63,27.037,32.408,50.193,-4,6.396,21,2.224,46.254,1.598,46.254,32.184,100
5.83567978446399,52.6607032844646,-6.5,12.239,28.601,34.019,52.752,-4,6.416,21,2.25,53.34,1.666,53.34,36.08,101
5.83560226290505,52.6607798682792,-6.5,12.489,29.389,35.171,54.641,-4,6.419,21,2.213,48.256,1.957,48.256,33.155,102
5.83552474134612,52.6608564519596,-6.57,13.802,32.595,38.758,59.757,-4,6.377,21,2.237,58.204,1.934,58.204,32.989,103
5.83544721978719,52.6609330355059,-6.6,14.283,33.662,39.875,61.425,-4,6.389,21,2.25,49.868,2.067,49.868,31.621,104
5.83536960829603,52.6610096189179,-6.58,14.13,33.341,39.687,61.099,-4,6.398,21,2.227,53.506,2.132,53.506,35.685,105
5.83529199680491,52.6610862021958,-6.59,13.628,31.967,38.178,59.277,-4,6.412,21,2.157,55.397,1.998,55.397,32.613,106
5.83521447524597,52.6611627853395,-6.6,13.39,31.35,37.417,57.83,-4,6.39,21,2.086,57.721,2.068,57.721,34.422,107
5.83513695368705,52.661239368349,-6.59,12.544,29.308,35.266,54.652,-4,6.392,21,2.22,52.851,2.081,52.851,35.567,108
5.83505935906703,52.6613159508174,-6.6,12.586,29.251,35.128,54.277,-4,6.395,21,2.25,56.348,2.095,56.348,32.658,109
5.83498180376583,52.6613925343724,-6.6,12.763,29.485,35.167,54.071,-4,6.39,21,2.193,49.08,2.076,49.08,37.553,110
5.83490420914584,52.6614691165724,-6.6,12.528,28.942,34.409,52.813,-4,6.417,21,2.228,52.212,2.197,52.212,35.094,111
5.8348266875869,52.6615456990452,-6.6,11.937,27.331,32.637,50.179,-4,6.382,21,2.25,53.546,2.194,53.546,32.149,112
5.83474916602797,52.6616222813838,-6.6,11.899,27.081,32.487,49.741,-4,6.38,21,2.215,53.231,2.084,53.231,35.754,113
5.83467164446903,52.6616988635882,-6.59,12.12,27.654,32.788,50.008,-4,6.414,21,2.175,52.536,2.181,52.536,38.475,114
5.8345941229101,52.6617754456585,-6.52,11.804,27.121,32.466,50.002,-4,6.425,21,2.25,52.177,2.189,52.177,31.744,115
5.83451660135117,52.6618520275945,-6.52,11.902,27.246,32.577,50.111,-4,6.383,21,2.22,53.396,2.118,53.396,36.2,116
5.83443907979223,52.6619286093964,-6.52,11.815,27.029,32.603,50.153,-4,6.362,21,2.21,53.374,2.053,53.374,35.949,117
5.8343615582333,52.6620051910641,-6.5,12.083,27.656,33.264,51.265,-4,6.367,21,2.241,53.134,1.964,53.134,35.108,118
5.83428403667436,52.6620817725976,-6.49,11.879,27.524,32.884,50.848,-4,5.457,21,2.25,38.798,2.301,38.798,31.832,119
5.83420651511543,52.6621583539969,-6.58,12.875,27.217,31.479,46.148,-4,3.115,21,2.183,23.845,2.019,23.845,35.057,120
5.83433286986055,52.6622054264001,-6.6,13.14,27.496,31.747,46.011,-4,3.368,21,2.25,5.439,1.844,5.439,32.588,121
5.83441039141948,52.6621288450833,-6.5,11.94,27.465,33.005,50.625,-4,5.49,21,2.25,25.436,2.218,25.436,49.884,122
5.83448791297842,52.6620522636323,-6.52,12.046,27.733,33.333,51.48,-4,6.337,21,2.25,50.001,2.013,50.001,27.089,123
5.83456543453735,52.661975682047,-6.58,11.944,27.229,32.77,50.483,-4,6.371,21,2.25,56.624,1.879,56.624,38.229,124
5.83464295609628,52.6618991003276,-6.59,12.092,27.512,32.985,50.567,-4,6.394,21,2.25,47.287,1.743,47.287,52.575,125
5.83472047765521,52.6618225184741,-6.58,12.352,28.084,33.379,51.089,-4,6.225,21,2.25,45.139,1.436,45.139,21.897,126
5.83479799921415,52.6617459364863,-6.59,11.916,27.151,32.574,50.08,-4,5.981,21,2.25,44.051,1.607,44.051,64.993,127
5.83487552077308,52.6616693543644,-6.59,11.876,27.286,32.744,50.373,-4,6.382,21,2.25,40.258,2.026,40.258,74.616,128
5.83495304233202,52.6615927721082,-6.6,12.617,28.969,34.527,52.784,-4,6.379,21,2.25,50.173,2.084,50.173,97.32,129
5.83503056389095,52.6615161897179,-6.6,12.574,29.369,35.135,54.045,-4,6.395,21,2.25,49.625,2.133,49.625,64.493,130
5.83510817538207,52.6614396071935,-6.6,12.888,30.068,35.97,55.433,-4,6.388,21,2.25,54.585,2.1,54.585,69.828,131
5.83518578687323,52.6613630245348,-6.6,13.318,30.923,36.797,56.653,-4,6.4,21,2.25,51.778,1.971,51.778,88.742,132
5.83526330843216,52.6612864417419,-6.59,13.266,30.875,37.022,56.971,-4,6.396,21,2.25,51.056,1.981,51.056,73.217,133
5.8353408299911,52.6612098588149,-6.6,13.399,31.403,37.717,58.156,-4,6.398,21,2.25,45.116,2.111,45.116,66.419,134
5.83541835155003,52.6611332757537,-6.57,13.967,32.864,39.244,60.624,-4,6.391,21,2.25,52.476,2.063,52.476,79.008,135
5.83549596304115,52.6610566925583,-6.59,14.388,33.922,40.371,62.066,-4,6.394,21,2.25,53.303,2.104,53.303,80.579,136
5.83557357453231,52.6609801092287,-6.6,14.372,33.642,39.722,60.971,-4,6.366,21,2.25,49.704,1.855,49.704,64.15,137
5.83565109609124,52.660903525765,-6.57,13.821,32.385,38.314,59.011,-4,6.403,21,2.25,49.644,1.931,49.644,75.346,138
5.83572861765017,52.660826942167,-6.5,13.456,31.327,36.87,56.66,-4,6.393,21,2.25,46.948,1.706,46.948,75.938,139
5.8358061392091,52.6607503584349,-6.5,12.693,29.447,34.847,53.576,-4,6.402,21,2.25,48.383,1.645,48.383,66.226,140
5.83588375070022,52.6606737745686,-6.5,12.179,28.397,33.899,52.26,-4,6.407,21,2.25,39.738,1.446,39.738,91.588,141
5.83596136219138,52.6605971905681,-6.46,11.75,27.482,32.763,50.761,-4,6.414,21,2.25,36.955,1.739,36.955,84.854,142
5.83603888375031,52.6605206064335,-6.41,11.802,27.202,32.195,49.393,-4,6.417,21,2.25,40.231,1.721,40.231,55.987,143
5.83611640530924,52.6604440221646,-6.49,11.326,25.906,30.88,47.552,-4,6.414,21,2.25,42.52,2.158,42.52,73.243,144
5.83619401680036,52.6603674377616,-6.5,11.404,26.139,30.828,47.257,-4,6.39,21,2.25,47.886,2.139,47.886,95.393,145
5.83627162829152,52.6602908532244,-6.5,11.374,25.983,30.654,46.831,-4,6.313,21,2.25,54.015,1.787,54.015,53.113,146
5.83634914985046,52.6602142685529,-6.5,11.272,25.534,30.242,46.306,-4,6.174,21,2.25,51.56,1.175,51.56,71.334,147
5.83642667140939,52.6601376837474,-6.5,11.558,26.043,30.565,46.537,-4,4.959,21,2.25,43.403,0.874,43.403,73.379,148
5.83650428290051,52.6600610988076,-6.45,11.327,25.589,29.949,45.568,-4,3.717,21,2.25,59.153,0.469,59.153,103.776,149
5.83657353995514,52.6599927499371,-6.5,12.256,27.004,30.826,45.946,-4,1.464,21,2.25,69.845,0.221,69.845,40.609,150
5.83669987985955,52.6600398800583,-6.49,12.044,24.963,28.617,41.626,-4,3.125,21,2.25,81.772,1.216,94.644,161.305,151
5.83663063764564,52.6601081734695,-6.42,10.696,23.991,27.996,42.435,-4,4.115,21,2.25,55.452,1.09,65.698,159.921,152
5.83655302615453,52.6601847583268,-6.5,10.658,24.157,28.479,43.42,-4,5.615,21,2.25,44.08,1.21,50.893,166.985,153
5.8364755045956,52.6602613430499,-6.5,10.698,24.438,28.912,44.402,-4,6.383,21,2.25,48.975,1.588,55.851,161.908,154
5.83639798303666,52.6603379276389,-6.5,10.618,24.462,29.136,45.014,-4,6.371,21,2.25,61.73,1.974,77.541,159.705,155
5.83632037154551,52.6604145120936,-6.5,10.754,24.842,29.84,46.201,-4,6.394,21,2.25,54.434,2.872,67.802,168.833,156
5.83624276005439,52.6604910964141,-6.5,11.103,25.789,30.904,47.789,-4,6.375,21,2.25,44.478,2.99,50.818,153.703,157
5.83616523849545,52.6605676806005,-6.42,11.766,27.611,32.792,50.961,-4,6.403,21,2.25,41.806,2.547,51.04,162.835,158
5.83608771693652,52.6606442646527,-6.45,11.892,28.045,33.617,52.192,-4,6.377,21,2.25,36.181,2.112,44.796,175.028,159
5.83601010544536,52.6607208485707,-6.5,12.204,28.593,34.069,52.656,-4,6.392,21,2.25,43.277,1.9,53.895,163.903,160
5.83593249395425,52.6607974323545,-6.5,12.283,28.784,34.464,53.223,-4,6.411,21,2.25,43.571,1.697,48.233,152.674,161
5.83585497239531,52.6608740160042,-6.5,12.384,29.165,34.992,54.27,-4,6.394,21,2.25,53.853,2.252,66.778,177.02,162
5.83577745083637,52.6609505995197,-6.5,12.841,30.264,36.202,56.206,-4,6.272,21,2.25,51.256,2.366,62.741,165.805,163
5.83569992927744,52.6610271829009,-6.56,13.673,32.34,38.438,59.351,-4,6.37,21,2.25,54.896,2.295,62.298,153.909,164
5.83562231778629,52.661103766148,-6.57,14.276,33.827,40.195,61.945,-4,6.22,21,2.25,54.379,2.606,65.517,161.469,165
5.83554470629517,52.6611803492609,-6.6,13.873,33.128,39.809,61.488,-4,6.13,21,2.25,54.338,2.501,69.78,182.729,166
5.83546718473624,52.6612569322397,-6.6,13.109,31.224,37.759,58.856,-4,6.331,21,2.25,55.365,2.457,63.494,164.347,167
5.83538966317731,52.6613335150842,-6.6,13.151,31.15,37.388,57.959,-4,6.346,21,2.25,50.962,2.577,63.222,148.582,168
5.83531214161837,52.6614100977946,-6.6,12.871,30.527,36.858,57.022,-4,6.31,21,2.25,58.02,2.641,67.719,164.655,169
5.83523453012721,52.6614866803708,-6.59,12.624,29.812,35.911,55.717,-4,6.377,21,2.25,52.449,2.255,60.391,176.054,170
5.83515691863609,52.6615632628128,-6.6,12.255,29.02,34.89,54.078,-4,6.394,21,2.25,55.469,2.65,65.934,165.343,171
5.83507939707716,52.6616398451206,-6.6,12.143,28.15,33.863,52.149,-4,6.39,21,2.25,52.316,2.601,63.548,156.158,172
5.83500187551822,52.6617164272943,-6.6,11.74,27.221,32.924,50.75,-4,6.3,21,2.25,52.689,2.577,62.392,169.88,173
5.83492435395929,52.6617930093337,-6.59,11.396,26.304,31.971,49.408,-4,6.305,21,2.25,52.46,2.449,62.107,169.022,174
5.83484683240036,52.661869591239,-6.58,11.422,26.182,31.758,48.98,-4,6.345,21,2.25,52.028,2.527,63.632,160.468,175
5.83476931084142,52.6619461730101,-6.6,11.597,26.702,32.052,49.543,-4,6.341,21,2.25,51.126,2.57,62.577,169.054,176
5.83469178928249,52.662022754647,-6.6,11.607,26.732,32.286,49.9,-4,6.17,21,2.25,40.201,2.236,46.226,165.823,177
5.83461426772356,52.6620993361498,-6.56,11.509,26.525,32.229,49.821,-4,5.852,21,2.25,57.509,2.18,70.835,163.713,178
5.83453674616462,52.6621759175183,-6.46,11.914,27.245,32.787,50.26,-4,5.474,21,2.25,33.278,2.573,41.907,171.702,179
5.83445922460569,52.6622524987527,-6.5,13.209,27.183,31.713,45.883,-4,3.394,21,2.25,6.43,2.238,9.421,172.422,180
5.83458557935081,52.6622995710545,-6.49,12.483,26.827,30.634,45.321,-4,3.455,21,2.25,3.368,1.496,3.325,179.676,181
5.83466310090975,52.6622229899026,-6.5,12.144,27.695,32.543,49.773,-4,6.1,21,2.062,26.676,1.991,26.676,179.52,182
5.83474062246868,52.6621464086165,-6.57,11.835,27.062,32.653,50.335,-4,6.311,21,2.18,53.168,1.923,53.113,183.626,183
5.83481814402761,52.6620698271963,-6.6,11.684,26.971,32.461,50.006,-4,6.37,21,2.101,54.377,1.87,54.447,181.4,184
5.83489566558654,52.6619932456418,-6.56,11.93,27.436,32.807,50.295,-4,6.393,21,2.102,48.605,1.914,48.408,177.548,185
5.83497318714548,52.6619166639532,-6.56,11.438,26.233,31.812,49.182,-4,6.39,21,2.136,51.473,2.086,51.493,182.647,186
5.83505070870441,52.6618400821304,-6.6,12.147,28.091,33.471,51.335,-4,6.383,21,2.136,53.777,1.844,53.818,183.037,187
5.83512823026335,52.6617635001734,-6.6,12.041,27.861,33.529,51.68,-4,6.385,21,2.137,54.256,2.094,54.302,181.131,188
5.83520575182228,52.6616869180823,-6.54,12.348,28.755,34.443,53.16,-4,6.401,21,2.098,49.879,1.882,49.964,180.508,189
5.83528327338121,52.6616103358569,-6.54,12.663,29.68,35.635,54.971,-4,6.387,21,2.123,51.997,1.923,51.982,182.527,190
5.83536088487233,52.6615337534974,-6.55,13.073,30.582,36.677,56.529,-4,6.387,21,2.115,50.863,1.898,50.85,177.549,191
5.83543849636349,52.6614571710037,-6.58,13.382,31.514,37.819,58.506,-4,6.399,21,2.103,49.466,1.855,49.425,180.784,192
5.83551601792242,52.6613805883758,-6.58,13.554,32.146,38.571,59.732,-4,6.385,21,2.15,51.246,2.011,51.389,180.158,193
5.83559353948136,52.6613040056137,-6.57,13.445,31.916,38.608,60.065,-4,6.385,21,2.095,45.583,1.998,45.608,177.981,194
5.83567106104029,52.6612274227174,-6.57,14.211,33.64,40.355,62.305,-4,6.379,21,2.139,54.828,2.042,54.716,178.87,195
5.83574867253141,52.661150839687,-6.55,14.49,34.427,40.897,62.714,-4,6.364,21,2.149,48.571,1.874,48.584,184.098,196
5.83582628402256,52.6610742565224,-6.5,13.75,32.433,38.917,59.977,-4,6.403,21,2.134,52.696,1.923,52.639,180.042,197
5.8359038055815,52.6609976732236,-6.5,13.182,31.018,37.345,57.559,-4,6.413,21,2.114,48.137,1.901,48.142,178.209,198
5.83598132714043,52.6609210897906,-6.5,12.631,29.716,35.831,55.395,-4,6.414,21,2.12,50.654,1.903,50.645,181.249,199
5.83605892169636,52.6608445066303,-6.5,12.264,28.716,34.785,53.87,-4,6.407,21,2.148,50.748,1.605,50.773,177.585,200
5.8361364771257,52.6607679221152,-6.5,12.27,28.846,34.631,53.658,-4,6.388,21,2.132,45.64,1.664,45.688,180.1,201
5.83621407168163,52.6606913386866,-6.49,12.524,29.391,35.151,54.404,-4,6.4,21,2.058,47.209,1.677,47.165,176.605,202
5.83629159324057,52.6606147547168,-6.48,12.196,28.848,34.618,53.602,-4,6.408,21,2.179,41.054,1.776,40.887,180.614,203
5.8363691147995,52.660538170613,-6.5,11.838,27.968,33.439,51.759,-4,6.409,21,2.124,46.229,2.03,46.379,180.771,204
5.83644672629063,52.6604615863749,-6.5,11.031,25.754,31.011,47.884,-4,6.39,21,2.097,50.624,1.923,50.691,180.158,205
5.83652433778178,52.6603850020026,-6.5,10.922,25.062,30.05,45.966,-4,6.426,21,2.101,54.65,1.767,54.755,176.66,206
5.83660185934071,52.6603084174962,-6.5,10.868,24.633,29.304,44.473,-4,6.321,21,2.163,51.478,1.108,51.617,179.558,207
5.83667938089965,52.6602318328555,-6.5,10.447,23.358,27.849,42.461,-4,4.964,21,2.187,48,0.826,48.042,178.063,208
5.83675699239076,52.6601552480807,-6.4,10.218,22.679,26.793,40.566,-4,3.298,21,2.25,64.043,0.446,63.758,177.547,209
5.83682624019156,52.6600869544239,-6.5,11.793,23.017,26.581,37.902,-4,2.488,21,2.25,108.907,0.582,111.84,178.589,210
5.83695251411261,52.6601340285373,-6.48,11.099,23.158,26.7,38.707,-4,3.122,21,2.25,12.411,1.2,12.487,146.927,211
5.8368833471359,52.6602023226413,-6.42,10.385,23.148,27.122,40.887,-4,3.338,21,2.25,4.971,0.716,5.103,145.929,212
5.83680573564479,52.6602789073336,-6.49,10.575,23.924,28.421,43.139,-4,4.966,21,2.25,33.523,0.995,33.568,140.144,213
5.83672821408585,52.6603554918918,-6.5,10.809,24.606,29.403,44.817,-4,6.207,21,2.25,46.466,1.36,46.492,146.12,214
5.83665069252692,52.6604320763157,-6.5,11.419,26.319,31.231,47.805,-4,6.209,21,2.25,49.867,1.687,49.907,146.606,215
5.83657308103577,52.6605086606055,-6.5,11.175,26.285,31.68,49.024,-4,6.28,21,2.25,50.37,1.884,50.36,145.149,216
5.83649546954465,52.6605852447611,-6.5,11.591,27.559,33.278,51.744,-4,6.357,21,2.25,46.981,1.876,46.902,145.967,217
5.83641794798571,52.6606618287825,-6.5,11.881,28.286,34.355,53.441,-4,6.414,21,2.25,44.995,1.804,45.029,144.723,218
5.83634042642677,52.6607384126698,-6.5,11.924,28.177,34.034,53.189,-4,6.388,21,2.25,44.26,1.833,44.389,146.951,219
5.83626290486785,52.6608149964228,-6.5,12.165,28.884,34.891,54.202,-4,6.408,21,2.25,45.658,1.85,45.426,145.281,220
5.83618529337669,52.6608915800417,-6.5,12.206,28.781,34.899,54.208,-4,6.379,21,2.25,50.151,1.904,50.201,143.811,221
5.83610768188557,52.6609681635264,-6.5,12.107,28.568,34.815,54.146,-4,6.388,21,2.25,49.717,1.98,49.764,146.662,222
5.83603016032664,52.6610447468769,-6.5,12.91,30.562,36.936,57.219,-4,6.419,21,2.25,52.698,2.023,52.76,144.229,223
5.8359526387677,52.6611213300932,-6.5,13.047,30.956,37.541,58.268,-4,6.39,21,2.241,51.998,2.127,52.166,148.929,224
5.83587502727655,52.6611979131753,-6.5,14.174,33.307,39.765,61.11,-4,6.401,21,2.25,50.477,2.06,50.46,146.374,225
5.83579741578543,52.6612744961233,-6.5,13.383,31.904,38.917,60.686,-4,6.37,21,2.25,50.852,1.937,50.924,143.494,226
5.8357198942265,52.6613510789371,-6.52,13.35,31.743,38.556,60.109,-4,6.373,21,2.25,51.656,1.936,51.658,147.821,227
5.83564237266756,52.6614276616167,-6.5,12.985,30.94,37.655,58.647,-4,6.39,21,2.25,50.316,2.289,50.452,147.083,228
5.83556485110863,52.6615042441621,-6.5,12.959,30.57,37.028,57.46,-4,6.384,21,2.25,48.27,1.961,48.253,143.306,229
5.83548723961747,52.6615808265733,-6.5,13.039,30.577,36.798,56.84,-4,6.396,21,2.25,56.307,2.026,56.395,147.094,230
5.83540962812635,52.6616574088504,-6.5,12.362,28.925,34.906,54.015,-4,6.401,21,2.25,50.129,2.097,50.106,151.515,231
5.83533210656742,52.6617339909932,-6.51,12.242,28.423,34.252,52.807,-4,6.364,21,2.25,49.173,2.003,49.272,146.525,232
5.83525458500849,52.6618105730019,-6.52,12.048,27.797,33.581,51.596,-4,6.324,21,2.25,47.237,1.902,47.446,141.275,233
5.83517706344956,52.6618871548764,-6.53,12.229,27.912,33.505,51.158,-4,6.303,21,2.25,50.827,1.948,50.867,147.999,234
5.83509954189062,52.6619637366168,-6.5,11.624,26.547,32.171,49.376,-4,6.278,21,2.25,48.482,1.915,48.445,148.243,235
5.83502202033169,52.6620403182229,-6.51,11.644,26.476,32.017,49.129,-4,6.096,21,2.25,51.631,1.763,51.56,139.793,236
5.83494449877275,52.6621168996949,-6.56,11.716,26.709,32.337,49.485,-4,6.122,21,2.25,51.737,1.831,51.85,147.697,237
5.83486697721381,52.6621934810327,-6.5,12.219,27.782,33.226,50.724,-4,5.652,21,2.25,68.929,1.805,46.537,146.536,238
5.83478945565489,52.6622700622363,-6.5,11.963,27.182,32.128,48.75,-4,5.235,21,2.242,15.779,1.745,15.814,150.546,239
5.83471193409595,52.6623466433057,-6.56,12.069,25.52,29.501,43.098,-4,3.263,21,2.25,2.043,1.334,1.95,144.376,240
5.83467056938875,52.6623870053582,-6.6,13.495,26.195,30.124,42.052,-4,3.47,21,2.25,0,1.81,0,140,240
5.83483828884107,52.6623937155061,-6.58,12.251,24.738,28.255,40.192,-4,2.89,21,2.25,11.088,0.373,11.163,165.277,241
5.83491581040001,52.6623171345192,-6.5,11.809,26.56,31.269,47.452,-4,3.454,21,2.25,35.893,0.792,31.352,162.249,242
5.83499333195893,52.662240553398,-6.5,12.004,27.282,32.802,50.088,-4,5.86,21,2.25,54.221,0.837,51.927,162.788,243
5.83507085351787,52.6621639721427,-6.5,12.023,27.255,32.785,49.811,-4,6.384,21,2.25,54.755,1.595,54.783,165.216,244
5.8351483750768,52.6620873907532,-6.5,11.604,26.498,32.15,49.31,-4,6.356,21,2.25,47.969,1.919,48.036,160.679,245
5.83522589663574,52.6620108092296,-6.5,11.952,27.267,32.753,50.032,-4,6.399,21,2.25,53.4,2.12,53.297,167.001,246
5.83530341819467,52.6619342275717,-6.5,11.984,27.428,33.01,50.515,-4,6.408,21,2.25,47.727,1.97,47.708,164.562,247
5.83538093975361,52.6618576457797,-6.5,11.928,27.498,33.19,51.013,-4,6.387,21,2.25,53.302,2.008,53.3,164.278,248
5.83545846131254,52.6617810638535,-6.5,12.021,27.931,33.578,51.714,-4,6.415,21,2.25,47.779,2.1,47.638,162.98,249
5.83553598287148,52.6617044817931,-6.5,11.998,28.007,33.96,52.637,-4,6.354,21,2.25,50.397,1.962,50.364,165.78,250
5.83561359436259,52.6616278995985,-6.5,12.302,29.028,35.187,54.647,-4,6.403,21,2.25,49.615,2.002,49.628,164.343,251
5.83569120585374,52.6615513172698,-6.5,12.586,29.723,35.972,55.932,-4,6.396,21,2.25,52.874,2.063,52.785,164.984,252
5.83576872741268,52.6614747348068,-6.5,12.368,29.47,36.048,56.585,-4,6.402,21,2.25,54.502,2.01,54.515,162.36,253
5.83584624897161,52.6613981522097,-6.5,12.81,30.526,37.344,58.555,-4,6.375,21,2.25,49.273,2,49.204,161.994,254
5.83592377053054,52.6613215694784,-6.5,12.872,30.868,37.74,59.186,-4,6.384,21,2.25,54.273,2.207,54.302,168.019,255
5.83600138202167,52.6612449866129,-6.5,12.983,30.881,37.596,58.485,-4,6.407,21,2.25,48.487,1.971,48.485,161.009,256
5.83607899351283,52.6611684036132,-6.5,12.83,30.351,36.835,57.332,-4,6.393,21,2.25,54.369,2.089,54.36,165.47,257
5.83615651507176,52.6610918204794,-6.5,12.44,29.446,35.903,55.923,-4,6.38,21,2.25,51.953,2.101,51.797,164.83,258
5.83623403663069,52.6610152372114,-6.5,12.068,28.517,34.936,54.687,-4,6.383,21,2.25,50.554,1.991,50.349,167.432,259
5.83631164812181,52.6609386538092,-6.5,12.461,29.532,35.691,55.459,-4,6.376,21,2.25,53.203,2.048,53.24,161.807,260
5.83638925961297,52.6608620702728,-6.5,12.312,29.029,35.202,54.75,-4,6.382,21,2.25,48.555,1.955,48.571,163.969,261
5.8364667811719,52.6607854866022,-6.5,11.704,27.609,33.773,52.701,-4,6.383,21,2.25,45.439,2.176,45.603,166.801,262
5.83654430273083,52.6607089027975,-6.5,11.746,27.815,33.727,52.463,-4,6.406,21,2.25,44.535,1.791,44.541,162.531,263
5.83662182428976,52.6606323188585,-6.5,11.505,27.183,33.106,51.431,-4,6.396,21,2.25,52.064,1.982,52.036,169.175,264
5.83669943578088,52.6605557347854,-6.5,11.07,26.131,31.768,49.426,-4,6.394,21,2.25,49.526,1.783,49.646,165.188,265
5.83677704727204,52.6604791505781,-6.5,11.245,26.328,31.584,48.707,-4,6.371,21,2.25,56.12,1.962,56.086,165.926,266
5.83685456883098,52.6604025662366,-6.5,10.637,24.481,29.399,45.195,-4,6.379,21,2.25,47.953,2.157,47.958,167.503,267
5.83693209038991,52.6603259817609,-6.44,10.333,23.395,27.948,42.588,-4,6.226,21,2.25,46.882,2.167,46.809,168.925,268
5.83700970188103,52.6602493971511,-6.4,9.862,22.143,26.544,40.26,-4,4.888,21,2.25,17.269,1.955,17.19,160.872,269
5.83707885415843,52.6601811585089,-6.44,10.883,22.245,25.955,37.671,-4,3.513,21,2.25,2.897,1.644,2.899,170.095,270
5.8372052144948,52.6602282327216,-6.42,11.091,22.363,25.962,37.463,-4,3.301,21,2.213,2.456,1.839,3.589,179.129,271
5.83713605662617,52.6602964716102,-6.4,10.282,22.816,26.785,40.228,-4,4.186,21,2.25,16.477,2.109,20.143,193.565,272
5.83705844513505,52.6603730561376,-6.45,10.536,23.813,28.158,42.693,-4,6.285,21,2.25,56.827,2.248,71.044,196.821,273
5.83698092357612,52.6604496405308,-6.5,11.02,24.946,29.557,45.031,-4,6.403,21,2.25,43.594,2.213,48.592,191.956,274
5.83690340201718,52.6605262247898,-6.5,11.676,27.039,32.133,49.344,-4,6.38,21,2.25,47.622,2.383,58.585,194.934,275
5.83682579052603,52.6606028089146,-6.5,12.007,27.853,33.485,51.374,-4,6.402,21,2.25,42.756,2.454,54.883,194.485,276
5.8367481790349,52.6606793929053,-6.5,12.019,27.936,33.675,51.852,-4,6.379,21,2.25,47.055,2.271,56.943,191.915,277
5.83667065747597,52.6607559767617,-6.5,11.905,27.666,33.596,52.197,-4,6.411,21,2.25,47.262,2.117,53.049,182.467,278
5.83659313591704,52.660832560484,-6.52,12.292,28.738,34.911,54.268,-4,6.383,21,2.25,49.088,2.585,63.012,185.848,279
5.8365156143581,52.6609091440721,-6.5,12.793,29.951,36.118,55.827,-4,6.402,21,2.25,50.009,2.287,59.805,189.324,280
5.83643800286696,52.660985727526,-6.51,13.012,30.538,36.88,56.975,-4,6.386,21,2.25,47.56,2.326,56.781,185.995,281
5.83636039137583,52.6610623108457,-6.5,12.481,29.337,35.689,55.535,-4,6.409,21,2.25,47.993,2.185,52.79,190.299,282
5.83628286981689,52.6611388940313,-6.51,12.473,29.3,35.749,55.677,-4,6.396,21,2.25,47.971,2.691,62.779,189.7,283
5.83620534825796,52.6612154770827,-6.51,12.71,29.718,36.083,56.035,-4,6.399,21,2.25,53.713,2.492,64.992,183.126,284
5.83612773676681,52.6612920599998,-6.5,12.993,30.691,37.272,57.992,-4,6.407,21,2.25,50.503,2.306,59.722,185.912,285
5.83605012527569,52.6613686427828,-6.5,13.282,31.509,38.223,59.577,-4,6.412,21,2.25,48.701,2.314,54.159,189.969,286
5.83597260371675,52.6614452254317,-6.5,13.175,30.921,37.548,58.396,-4,6.392,21,2.25,49.888,2.517,63.225,177.447,287
5.83589508215782,52.6615218079463,-6.5,12.783,29.983,36.374,56.465,-4,6.386,21,2.25,50.216,2.443,62.224,184.641,288
5.83581756059889,52.6615983903268,-6.5,12.862,30.099,36.338,56.218,-4,6.374,21,2.25,49.262,2.27,55.13,188.765,289
5.83573994910774,52.661674972573,-6.51,12.612,29.465,35.631,54.822,-4,6.347,21,2.25,49.677,2.549,60.76,179.088,290
5.83566233761661,52.6617515546851,-6.5,12.113,27.988,33.983,52.397,-4,6.348,21,2.25,54.589,2.815,72.2,179.508,291
5.83558481605768,52.6618281366631,-6.5,11.734,27.042,32.898,50.75,-4,6.322,21,2.25,50.074,2.275,55.587,187.859,292
5.83550729449875,52.6619047185068,-6.51,11.67,26.974,32.526,50.025,-4,6.336,21,2.25,55.736,2.447,65.857,185.369,293
5.83542977293981,52.6619813002163,-6.51,11.872,27.113,32.721,50.079,-4,6.363,21,2.25,52.025,2.525,64.268,178.13,294
5.83535225138088,52.6620578817917,-6.5,11.953,27.478,33.066,50.525,-4,6.329,21,2.25,51.723,2.302,59.748,187.609,295
5.83527472982194,52.6621344632329,-6.5,11.994,27.393,32.982,50.47,-4,6.327,21,2.25,50.322,2.472,61.245,184.62,296
5.83519720826301,52.6622110445399,-6.5,11.883,26.784,32.379,49.463,-4,6.345,21,2.25,51.135,2.032,62.461,180.612,297
5.83511968670408,52.6622876257128,-6.5,12.131,27.204,32.716,49.721,-4,6.239,21,2.25,54.284,1.161,63.189,183.524,298
5.83504216514515,52.6623642067514,-6.46,11.346,25.559,30.897,46.781,-4,4.212,21,2.25,83.18,0.606,55.217,182.24,299
5.83496464358621,52.6624407876559,-6.57,11.54,24.3,28.441,41.522,-4,2.778,21,2.25,53.365,0.821,82.287,185.98,300
5.83505315933991,52.662531003325,-6.6,12.39,25.314,29.252,41.667,-4,3.47,21,2.25,0,0.615,0,116.8,300
5.83509099833133,52.6624878597549,-6.57,11.767,25.015,29.375,42.913,-4,3.212,21,2.25,27.547,1.094,30.747,127.388,301
5.83516851989026,52.6624112789329,-6.47,11.465,25.739,31.002,46.861,-4,3.389,21,2.25,19.002,0.282,19.002,117.015,302
5.83524604144919,52.6623346979767,-6.5,11.735,26.196,31.769,48.337,-4,5.651,21,2.25,38.662,0.657,40.168,123.311,303
5.83532356300813,52.6622581168864,-6.59,11.931,27.159,32.713,49.769,-4,6.207,21,2.25,46.767,1.249,46.767,123.434,304
5.83540108456707,52.6621815356619,-6.57,12.141,27.798,33.358,50.971,-4,6.187,21,2.25,47.421,1.525,47.421,118.146,305
5.835478606126,52.6621049543031,-6.54,12.144,28.23,33.765,51.809,-4,6.249,21,2.25,48.973,1.982,52.345,123.577,306
5.83555612768493,52.6620283728102,-6.59,12.312,28.182,33.733,51.454,-4,6.345,21,2.25,45.961,2.02,48.101,123.325,307
5.83563364924386,52.6619517911832,-6.6,11.92,27.665,33.088,50.986,-4,6.379,21,2.25,44.898,1.867,44.898,123.781,308
5.8357111708028,52.6618752094219,-6.59,12.178,27.963,33.606,51.485,-4,6.388,21,2.25,44.501,2.114,50.068,127.756,309
5.83578869236174,52.6617986275265,-6.59,12.435,28.836,34.768,53.325,-4,6.373,21,2.25,45.697,1.91,50.035,126.273,310
5.83586630385285,52.6617220454969,-6.6,12.661,29.581,35.564,54.561,-4,6.372,21,2.25,41.252,1.722,41.252,123.55,311
5.83594391534401,52.6616454633331,-6.58,12.873,30.117,36.229,55.657,-4,6.422,21,2.25,45.1,1.787,45.1,120.555,312
5.83602143690294,52.6615688810351,-6.57,12.829,30.012,36.356,56.092,-4,6.394,21,2.25,50.911,1.986,56.055,124.478,313
5.83609895846187,52.6614922986029,-6.59,13.082,30.801,37.245,57.461,-4,6.394,21,2.25,46.179,1.815,46.179,122.811,314
5.83617648002081,52.6614157160366,-6.58,13.373,31.685,38.173,59.144,-4,6.403,21,2.25,44.865,1.993,46.692,124.174,315
5.83625409151193,52.661339133336,-6.59,13.243,31.166,37.571,57.983,-4,6.365,21,2.25,32.328,2.063,35.04,127.655,316
5.83633170300308,52.6612625505013,-6.6,12.647,29.687,36.056,55.932,-4,5.761,21,2.188,62.088,1.902,62.088,121.875,317
5.83640922456201,52.6611859675324,-6.6,12.765,30.163,36.668,56.875,-4,6.155,21,2.012,48.552,1.694,50.363,124.983,318
5.83648674612095,52.6611093844294,-6.6,13.133,30.9,37.307,57.608,-4,6.183,21,2.084,53.026,2.145,57.374,128.81,319
5.83656435761207,52.6610328011921,-6.6,12.66,30.088,36.62,57.008,-4,5.999,21,2.073,55.352,1.94,56.458,123.403,320
5.83664196910322,52.6609562178207,-6.59,12.773,30.324,36.741,56.925,-4,6.083,21,2.107,56.764,2.162,61.023,130.582,321
5.83671949066216,52.6608796343151,-6.6,12.557,29.752,35.888,55.744,-4,5.781,21,1.944,49.942,1.713,49.942,119.897,322
5.83679701222109,52.6608030506753,-6.6,12.538,29.392,35.353,54.603,-4,6.1,21,2.106,55.531,2.079,56.284,125.599,323
5.83687453378003,52.6607264669013,-6.59,12.406,28.897,34.609,53.139,-4,6.106,21,2.107,56.285,2.216,60.31,131.128,324
5.83695214527114,52.6606498829931,-6.56,11.883,27.78,33.31,51.412,-4,5.867,21,1.984,48.928,1.855,48.928,122.412,325
5.83702975676229,52.6605732989508,-6.5,11.935,27.734,32.972,50.506,-4,6.074,21,2.084,42.74,2.729,55.853,145.942,326
5.83710727832124,52.6604967147742,-6.5,11.189,25.478,30.326,46.184,-4,6.173,21,2.088,37.817,1.768,45.302,144.512,327
5.83718479988017,52.6604201304635,-6.5,10.445,23.448,27.833,42.231,-4,6.306,21,1.97,46.239,1.281,46.239,124.363,328
5.83726241137129,52.6603435460186,-6.48,10.287,22.822,26.914,40.56,-4,4.525,21,2.056,16.083,1.676,21.174,130.922,329
5.83733148280611,52.6602753615491,-6.5,11.747,23.576,26.967,38.287,-4,3.333,21,1.989,8.277,2.214,8.277,123.705,330
5.83745783405289,52.6603224361821,-6.5,11.814,24.129,27.745,39.647,-4,3.387,21,2.231,19.574,1.448,19.574,141.348,331
5.83738876611643,52.6603906203764,-6.5,10.109,22.748,27.063,40.939,-4,4.184,21,2.25,28.395,1.453,28.395,144.57,332
5.83731115462531,52.6604672047388,-6.5,10.535,23.858,28.451,43.203,-4,5.353,21,2.25,51.583,1.296,51.583,142.777,333
5.83723363306637,52.660543788967,-6.53,11.111,25.649,30.627,46.769,-4,5.91,21,2.25,53.918,1.845,53.918,141.249,334
5.83715611150745,52.6606203730611,-6.54,11.578,26.954,32.459,49.799,-4,6.115,21,2.25,55.936,2.014,55.936,143.612,335
5.83707850001628,52.660696957021,-6.56,11.785,27.634,33.379,51.545,-4,6.239,21,2.25,57.144,2.27,57.144,143.22,336
5.83700088852516,52.6607735408466,-6.6,12.076,28.164,34.135,52.861,-4,6.277,21,2.25,59.519,2.28,59.519,142.809,337
5.83692336696624,52.6608501245381,-6.6,12.039,28.571,34.775,54.043,-4,6.248,21,2.25,60.726,2.259,60.726,143.319,338
5.8368458454073,52.6609267080955,-6.6,12.637,30.068,36.283,56.239,-4,6.16,21,2.25,60.071,2.296,60.071,143.321,339
5.83676832384836,52.6610032915186,-6.6,12.653,30.358,36.804,57.276,-4,6.218,21,2.25,59.524,2.336,59.524,143.912,340
5.83669071235721,52.6610798748076,-6.6,12.941,30.777,37.216,57.655,-4,6.249,21,2.25,58.758,2.395,58.758,140.662,341
5.83661310086609,52.6611564579623,-6.6,12.831,30.541,37.018,57.515,-4,6.101,21,2.25,59.03,2.246,59.03,143.866,342
5.83653557930716,52.6612330409829,-6.6,12.99,30.728,37.045,57.246,-4,6.13,21,2.25,59.388,2.164,59.388,143.707,343
5.83645805774823,52.6613096238693,-6.6,12.714,30.165,36.534,56.405,-4,6.161,21,2.25,54.013,1.959,54.013,142.106,344
5.83638046312821,52.6613862062147,-6.6,13.131,31.16,37.572,57.98,-4,6.156,21,2.25,52,2.033,52,142.916,345
5.83630290782702,52.6614627896465,-6.6,13.459,32.038,38.283,58.741,-4,6.139,21,2.25,46.78,2.006,46.78,144.01,346
5.83622531320702,52.6615393717235,-6.6,12.859,30.329,36.455,56.238,-4,6.199,21,2.25,46.813,1.978,46.813,143.291,347
5.83614779164808,52.6616159540732,-6.58,12.479,29.298,35.298,54.324,-4,6.111,21,2.25,55.51,2.008,55.51,141.831,348
5.83607027008914,52.6616925362887,-6.6,12.36,28.847,34.72,53.503,-4,6.189,21,2.25,53.85,1.733,53.85,141.27,349
5.83599265859799,52.66176911837,-6.6,12.32,28.956,34.711,53.082,-4,6.329,21,2.25,51.007,2.22,51.007,145.294,350
5.83591504710687,52.6618457003171,-6.6,12.224,28.436,34.196,52.362,-4,6.164,21,2.25,49.866,2.123,49.866,142.3,351
5.83583752554794,52.6619222821301,-6.59,11.983,27.943,33.482,51.369,-4,6.206,21,2.25,51.445,2.023,51.445,141.922,352
5.83576000398901,52.6619988638089,-6.6,12.089,28.146,33.657,51.691,-4,6.255,21,2.25,52.996,1.958,52.996,144.71,353
5.83568248243007,52.6620754453535,-6.58,12.318,28.565,34,51.881,-4,6.186,21,2.25,49.484,1.921,49.484,143.085,354
5.83560496087114,52.6621520267639,-6.56,11.975,27.632,33.087,50.805,-4,6.234,21,2.25,51.561,1.948,51.561,143.407,355
5.83552743931221,52.6622286080401,-6.6,11.693,26.906,32.475,49.865,-4,6.249,21,2.25,45.038,1.909,45.038,141.711,356
5.83544991775327,52.6623051891822,-6.6,12.059,27.34,32.613,49.456,-4,5.872,21,2.25,40.471,1.636,40.471,143.245,357
5.83537239619434,52.6623817701901,-6.51,11.518,25.745,30.833,46.986,-4,5.623,21,2.25,50.849,1.258,50.849,143.649,358
5.8352948746354,52.6624583510638,-6.5,11.528,25.918,30.627,46.278,-4,4.034,21,2.25,53.96,1.197,53.96,141.916,359
5.83521735307647,52.6625349318033,-6.58,13.322,26.976,30.669,43.443,-4,3.206,21,2.25,57.979,1.669,57.979,144.548,360
5.83528583769873,52.6626185563302,-6.6,13.783,26.861,30.161,41.543,-4,2.76,21,2.25,0,1.29,0,131.1,360
5.83534370782158,52.6625820038009,-6.58,11.953,24.531,28.624,41.337,-4,3.475,21,2.25,5.292,1.454,5.297,138.068,361
5.83542122938052,52.6625054231439,-6.53,11.445,25.489,30.522,46.25,-4,5.855,21,2.25,33.905,1.803,33.893,138.985,362
5.83549875093946,52.6624288423527,-6.6,11.643,26.076,31.292,47.393,-4,6.341,21,2.25,44.554,1.963,44.554,139.067,363
5.83557627249839,52.6623522614273,-6.6,11.834,26.606,31.945,48.601,-4,6.333,21,2.25,47.087,1.771,47.107,140.341,364
5.83565379405732,52.6622756803677,-6.6,12.223,27.692,33.085,50.296,-4,6.371,21,2.25,45.57,1.873,45.58,138.749,365
5.83573131561626,52.6621990991739,-6.6,12.423,28.278,33.703,51.086,-4,6.392,21,2.25,47.17,1.767,47.205,140.974,366
5.8358088371752,52.662122517846,-6.6,11.882,27.337,32.859,50.347,-4,6.38,21,2.25,45.001,2.014,45.009,138.433,367
5.83588635873413,52.6620459363839,-6.6,11.818,27.275,32.779,50.184,-4,6.388,21,2.25,47.596,1.96,47.537,136.862,368
5.83596388029306,52.6619693547876,-6.6,12.206,28.11,33.523,51.11,-4,6.391,21,2.25,47.625,1.852,47.605,139.177,369
5.83604147484901,52.661892773464,-6.6,12.424,28.532,34.041,51.963,-4,6.427,21,2.25,51.201,2.13,51.111,141.841,370
5.8361190302783,52.6618161907855,-6.6,12.261,28.452,34.057,51.953,-4,6.388,21,2.25,48.963,1.987,48.954,139.824,371
5.83619662483427,52.6617396091936,-6.6,12.225,28.247,33.968,52.111,-4,6.4,21,2.25,53.803,1.85,53.765,134.037,372
5.8362741463932,52.6616630270605,-6.6,12.418,28.779,34.526,52.925,-4,6.381,21,2.25,47.86,1.569,47.849,140.045,373
5.83635166795214,52.6615864447933,-6.6,12.32,28.906,34.896,53.845,-4,6.031,21,2.25,44.722,1.676,44.686,140.915,374
5.83642927944326,52.6615098623919,-6.6,13.448,31.804,37.7,57.852,-4,6.392,21,2.25,27.322,1.559,27.329,133.772,375
5.83650689093441,52.6614332798564,-6.6,13.293,31.442,37.449,57.638,-4,6.397,21,2.25,42.543,2.281,42.571,139.718,376
5.83658441249335,52.6613566971866,-6.6,12.623,29.977,36.233,56.057,-4,6.391,21,2.25,51.74,2.069,51.741,139.474,377
5.83666193405228,52.6612801143827,-6.6,12.757,30.023,36.169,55.884,-4,6.381,21,2.25,51.718,2.201,51.664,137.386,378
5.83673945561121,52.6612035314446,-6.6,12.812,30.281,36.622,56.55,-4,6.419,21,2.25,54.427,2.269,54.311,136.738,379
5.83681706710233,52.6611269483723,-6.6,12.9,30.367,36.655,56.58,-4,6.388,21,2.25,54.586,2.336,54.628,138.766,380
5.83689467859348,52.6610503651658,-6.6,12.695,29.895,36.144,55.828,-4,6.359,21,2.25,59.633,2.432,59.674,138.67,381
5.83697220015241,52.6609737818251,-6.6,12.714,29.805,36.018,55.548,-4,6.406,21,2.25,58.363,2.253,58.306,137.504,382
5.83704972171135,52.6608971983503,-6.6,12.238,28.546,34.616,53.707,-4,6.404,21,2.25,58.371,2.018,58.396,136.942,383
5.83712731626728,52.6608206151482,-6.6,12.53,29.482,35.251,54.431,-4,6.39,21,2.25,53.843,2.003,53.845,137.902,384
5.83720487169661,52.6607440305912,-6.6,12.201,28.421,34.114,52.279,-4,6.393,21,2.25,48.147,2.108,48.12,136.819,385
5.83728246625256,52.6606674471207,-6.6,11.844,27.167,32.419,49.413,-4,6.349,21,2.25,58.067,1.536,58.13,136.426,386
5.83735998781149,52.6605908631091,-6.6,11.532,26.424,31.323,47.502,-4,6.274,21,2.25,46.049,1.348,46.02,137.562,387
5.83743750937043,52.6605142789633,-6.59,11.221,24.975,29.401,44.118,-4,5.238,21,2.25,36.487,0.859,36.421,135.756,388
5.83751512086154,52.6604376946834,-6.5,10.667,23.741,27.709,41.422,-4,4,21,2.25,46.276,0.443,46.219,137.741,389
5.83758418328373,52.6603695654309,-6.5,11.361,23.696,27.411,39.781,-4,3.138,21,2.25,62.307,0.431,62.08,133.746,390
5.83771054354317,52.6604166394397,-6.52,11.191,22.913,26.708,38.543,-4,2.999,21,2.25,98.06,0.173,96.962,121.233,391
5.83764147560669,52.6604847689398,-6.5,10.043,22.292,26.445,39.871,-4,4.222,21,2.25,73.765,1.284,73.862,123.517,392
5.83756386411557,52.6605613531372,-6.56,10.847,24.531,29.015,43.862,-4,4.975,21,2.25,75.899,1.143,75.835,120.226,393
5.83748634255663,52.6606379372005,-6.6,11.439,26.192,31.018,47.078,-4,6.362,21,2.25,49.941,2.155,49.906,125.152,394
5.8374088209977,52.6607145211296,-6.6,11.784,27.399,32.744,50.12,-4,6.327,21,2.25,54.866,1.92,54.869,128.673,395
5.83733129943877,52.6607911049245,-6.6,12.14,28.476,34.424,53.078,-4,6.349,21,2.25,48.781,2.132,48.749,123.662,396
5.83725368794762,52.6608676885852,-6.6,12.609,29.889,35.893,55.436,-4,6.381,21,2.25,51.835,2.038,51.92,119.682,397
5.8371760764565,52.6609442721118,-6.6,12.275,29.135,35.253,54.71,-4,6.335,21,2.25,61.564,1.981,61.568,125.254,398
5.83709855489756,52.6610208555041,-6.6,12.421,29.115,35.24,54.511,-4,6.418,21,2.25,55.421,2.102,55.398,129.017,399
5.83702103333862,52.6610974387623,-6.6,12.221,28.847,34.979,54.383,-4,6.356,21,2.25,56.878,2.404,57.013,121.892,400
5.83694342184747,52.6611740218863,-6.6,12.42,29.429,35.539,55.018,-4,6.316,21,2.25,56.963,2.215,56.956,122.493,401
5.83686581035635,52.6612506048761,-6.6,12.723,30.211,36.258,55.81,-4,6.357,21,2.25,59.954,2.239,59.9,124.228,402
5.83678828879741,52.6613271877318,-6.6,12.516,29.576,35.849,55.369,-4,6.399,21,2.25,57.37,2.332,57.248,130.404,403
5.83671076723848,52.6614037704532,-6.6,12.485,29.753,35.797,55.478,-4,6.312,21,2.25,57.838,2.242,57.808,121.906,404
5.83663324567956,52.6614803530405,-6.6,12.27,29.112,35.148,54.431,-4,6.364,21,2.25,56.151,2.383,56.182,124.027,405
5.83655563418839,52.6615569354936,-6.6,12.006,28.429,34.295,53.172,-4,6.361,21,2.25,52.138,2.223,52.041,125.792,406
5.83647802269728,52.6616335178125,-6.6,12.029,28.309,33.989,52.288,-4,6.36,21,2.25,51.932,2.121,51.957,126.595,407
5.83640050113834,52.6617100999973,-6.6,12.032,28.059,33.644,51.669,-4,6.387,21,2.25,51.32,2.096,51.29,121.226,408
5.83632297957941,52.6617866820478,-6.6,11.81,27.441,33.04,50.945,-4,6.385,21,2.25,53.005,2.092,53.06,128.548,409
5.83624545802047,52.6618632639642,-6.6,11.715,27.367,32.936,50.734,-4,6.436,21,2.25,49.98,2.17,50.07,124.875,410
5.83616784652932,52.6619398457464,-6.6,12.059,28.035,33.532,51.338,-4,6.387,21,2.25,36.16,2.112,36.1,127.035,411
5.8360902350382,52.6620164273944,-6.6,12.364,28.57,33.789,51.394,-4,5.929,21,2.25,57.007,2.008,57.031,127.767,412
5.83601271347926,52.6620930089082,-6.6,11.658,26.903,32.282,49.534,-4,6.384,21,2.25,46.918,1.858,46.793,123.403,413
5.83593519192033,52.6621695902878,-6.6,11.594,26.502,31.833,48.696,-4,6.408,21,2.243,50.372,2.036,50.417,125.97,414
5.8358576703614,52.6622461715333,-6.6,11.997,27.605,32.893,50.259,-4,6.395,21,2.25,43.754,1.98,43.555,127.341,415
5.83578014880247,52.6623227526446,-6.6,12.187,27.979,33.309,50.72,-4,6.391,21,2.25,52.298,1.937,52.295,127.387,416
5.83570262724353,52.6623993336217,-6.6,11.863,27.306,32.525,49.675,-4,6.338,21,2.25,50.377,1.945,50.358,123.333,417
5.83562510568459,52.6624759144646,-6.58,11.364,25.973,31.264,47.767,-4,6.377,21,2.25,51.023,1.924,50.97,129.954,418
5.83554758412566,52.6625524951734,-6.51,11.659,26.111,30.824,46.713,-4,5.955,21,2.25,22.298,2.176,22.08,128.272,419
5.83547006256673,52.6626290757479,-6.59,12.634,25.23,28.996,40.835,-4,4.149,21,2.25,2.175,1.921,2.095,125.711,420
5.83555245146947,52.6627189092155,-6.61,13.762,24.779,28.117,37.413,-4,2.637,21,2.25,0,0,0,115.4,420
5.83559632737965,52.6626761476442,-6.64,13.057,25.981,30.002,42.032,-4,3.083,21,2.097,1.615,0.987,1.501,104.686,421
5.83567384893858,52.6625995671521,-6.53,11.613,25.942,31.126,46.86,-4,4.387,21,2.11,15.676,0.908,15.671,103.15,422
5.83575137049751,52.6625229865258,-6.59,12.248,27.164,32.4,48.785,-4,5.54,21,2.179,43.004,1.123,43.073,104.58,423
5.83582889205645,52.6624464057654,-6.6,12.211,27.387,32.699,49.469,-4,6.081,21,2.129,38.909,1.274,38.939,103.856,424
5.83590641361538,52.6623698248707,-6.6,12.301,27.957,33.26,50.293,-4,6.293,21,2.052,39.076,1.326,38.998,102.357,425
5.83598393517431,52.6622932438419,-6.6,12.496,27.905,33.062,49.766,-4,6.226,21,2.136,45.371,1.637,45.362,104.487,426
5.83606145673325,52.6622166626789,-6.6,12.058,26.858,32.03,48.21,-4,6.169,21,2.157,36.532,1.457,36.593,101.961,427
5.83613897829218,52.6621400813818,-6.6,11.889,26.995,32.327,49.059,-4,6.301,21,2.075,44.886,1.612,45.007,103.129,428
5.83621649985112,52.6620634999504,-6.6,12.464,28.424,33.647,50.888,-4,6.281,21,2.114,40.684,1.552,40.724,104.342,429
5.83629411134223,52.6619869183849,-6.6,12.236,27.925,33.113,50.214,-4,6.267,21,2.126,44.711,1.709,44.779,102.933,430
5.83637172283339,52.6619103366852,-6.6,12.044,27.489,32.807,49.949,-4,6.196,21,2.154,46.327,1.634,46.308,103.469,431
5.83644924439232,52.6618337548513,-6.6,12.144,28.098,33.623,51.266,-4,6.314,21,2.203,45.259,1.656,45.345,104.847,432
5.83652676595126,52.6617571728832,-6.6,12.459,28.662,34.179,52.05,-4,6.189,21,2.25,44.454,1.836,44.348,103.672,433
5.83660428751019,52.661680590781,-6.6,12.414,28.543,34.068,51.916,-4,6.202,21,2.25,47.057,1.703,47.014,103.895,434
5.83668189900131,52.6616040085445,-6.6,11.893,27.634,33.243,51.14,-4,6.251,21,2.25,45.852,1.785,45.823,103.067,435
5.83675951049247,52.6615274261739,-6.6,11.751,27.607,33.752,52.308,-4,6.252,21,2.25,42.805,1.73,42.925,103.986,436
5.8368370320514,52.6614508436691,-6.6,12.533,29.339,35.344,54.295,-4,6.253,21,2.25,47.415,1.781,47.296,103.368,437
5.83691455361033,52.6613742610301,-6.6,12.675,29.684,35.814,55.105,-4,6.114,21,2.25,49.78,1.67,49.763,103.252,438
5.83699207516927,52.661297678257,-6.6,13.045,30.654,36.751,56.442,-4,6.113,21,2.25,49.131,1.917,48.987,104.689,439
5.83706968666039,52.6612210953496,-6.6,13.349,31.303,37.404,57.352,-4,6.215,21,2.25,52.366,2.043,52.324,104.038,440
5.83714729815154,52.6611445123081,-6.6,12.943,30.413,36.589,56.244,-4,6.19,21,2.25,53.284,1.989,53.19,103.287,441
5.83722481971047,52.6610679291324,-6.6,12.697,29.858,36.136,56.01,-4,6.145,21,2.25,55.639,2.037,55.738,105.118,442
5.83730234126941,52.6609913458225,-6.6,12.939,30.499,36.831,56.841,-4,6.247,21,2.25,45.147,2.195,45.111,104.279,443
5.83737995276052,52.6609147623785,-6.6,13.093,30.92,37.046,57.264,-4,6.239,21,2.25,53.8,2.058,53.701,104.763,444
5.83745756425169,52.6608381788002,-6.6,13.052,30.313,35.927,55.28,-4,6.146,21,2.25,47.929,1.579,47.956,101.762,445
5.83753508581061,52.6607615950878,-6.6,12.726,29.129,34.371,52.513,-4,6.063,21,2.25,49.077,1.879,49.035,105.373,446
5.83761260736955,52.6606850112412,-6.57,12.231,27.496,32.35,48.89,-4,6.134,21,2.25,47.175,1.974,47.273,104.94,447
5.83769012892848,52.6606084272604,-6.52,11.772,26.489,30.903,46.601,-4,5.025,21,2.25,32.165,1.08,32.205,101.943,448
5.8377677404196,52.6605318431454,-6.5,11.132,24.767,28.425,42.518,-4,4.093,21,2.25,27.623,1.283,27.532,105.498,449
5.83783672186756,52.6604637680637,-6.56,11.412,23.391,26.921,38.596,-4,3.094,21,2.25,45.016,1.032,44.663,107.789,450
5.83796316310127,52.6605108424942,-6.5,11.513,23.592,27.74,40.083,-4,3.801,21,2.25,1.917,1.859,2.004,126.391,451
5.83789418509695,52.6605789173003,-6.5,10.897,24.409,29.028,43.603,-4,5.047,21,2.25,10.113,1.768,10.011,130.416,452
5.83781657360583,52.6606555013328,-6.5,11.432,26.102,31.175,47.3,-4,6.335,21,2.25,42.646,2.005,42.528,125.311,453
5.83773905204689,52.6607320852312,-6.57,11.951,27.452,33.128,50.518,-4,6.374,21,2.25,45.862,1.984,45.882,128.677,454
5.83766153048796,52.6608086689953,-6.6,12.312,29.097,35.311,54.572,-4,6.356,21,2.25,52.67,2.501,52.785,134.341,455
5.83758400892902,52.6608852526253,-6.6,12.766,30.177,36.399,56.207,-4,6.384,21,2.25,51.7,2.52,51.673,125.494,456
5.83750639743787,52.660961836121,-6.6,12.427,29.91,36.456,56.961,-4,6.388,21,2.25,67.375,2.29,67.298,128.829,457
5.83742878594675,52.6610384194826,-6.6,13.259,31.367,37.713,58.309,-4,6.389,21,2.25,56.122,2.285,56.038,128.5,458
5.83735126438781,52.66111500271,-6.6,13.264,31.287,37.614,58.15,-4,6.407,21,2.25,58.361,2.398,58.37,127.616,459
5.83727374282889,52.6611915858033,-6.6,12.762,30.075,36.388,56.433,-4,6.379,21,2.25,60.457,2.288,60.441,130.351,460
5.83719613133773,52.6612681687623,-6.6,13.19,31.066,37.134,57.209,-4,6.411,21,2.25,56.777,2.124,56.934,129.54,461
5.83711851984661,52.6613447515872,-6.6,13.091,30.824,36.801,56.566,-4,6.365,21,2.25,53.803,2.098,53.833,127.132,462
5.83704099828768,52.6614213342778,-6.6,12.687,29.62,35.568,54.631,-4,6.403,21,2.25,53.005,2.13,52.975,127.358,463
5.83696347672874,52.6614979168343,-6.6,12.536,29.308,34.916,53.48,-4,6.366,21,2.25,49.436,1.771,49.548,127.503,464
5.83688595516981,52.6615744992567,-6.6,11.827,27.407,33.035,50.801,-4,6.395,21,2.25,49.068,1.958,48.989,125.55,465
5.83680834367865,52.6616510815448,-6.6,11.547,26.705,32.329,49.716,-4,6.408,21,2.25,48.843,1.976,48.806,126.84,466
5.83673073218754,52.6617276636988,-6.58,11.757,27.647,33.257,51.217,-4,6.375,21,2.25,44.594,1.852,44.581,129.494,467
5.8366532106286,52.6618042457185,-6.6,12.315,28.606,34.114,52.074,-4,6.381,21,2.25,47.807,1.8,47.846,126.064,468
5.83657568906967,52.6618808276041,-6.58,12.172,28.107,33.358,50.866,-4,6.4,21,2.25,49.635,1.685,49.564,130.011,469
5.83649816751074,52.6619574093555,-6.59,11.537,26.244,31.471,48.229,-4,6.35,21,2.25,43.113,1.793,43.271,123.298,470
5.83642055601958,52.6620339909728,-6.59,11.612,26.376,31.755,48.159,-4,6.355,21,2.25,42.809,1.711,42.831,129.7,471
5.83634294452846,52.6621105724558,-6.6,11.978,27.066,32.366,48.934,-4,6.407,21,2.25,44.573,1.373,44.547,126.096,472
5.83626542296953,52.6621871538047,-6.59,11.573,25.941,31.304,47.819,-4,6.334,21,2.25,43.524,1.754,43.592,121.125,473
5.83618790141059,52.6622637350194,-6.54,11.607,25.802,31.177,47.356,-4,6.397,21,2.25,34.924,1.505,34.926,129.571,474
5.83611037985166,52.6623403160999,-6.54,12.147,26.98,32.205,48.629,-4,6.378,21,2.25,39.721,1.728,39.904,130.65,475
5.83603285829273,52.6624168970462,-6.57,12.177,27.099,32.47,49.054,-4,6.384,21,2.25,41.754,1.554,41.742,126.759,476
5.83595533673379,52.6624934778584,-6.57,12.08,26.895,32.181,48.685,-4,6.395,21,2.25,46.776,1.379,46.841,125.198,477
5.83587781517486,52.6625700585364,-6.51,11.757,26.374,31.725,48.052,-4,5.995,21,2.25,31.786,0.521,31.898,128.633,478
5.83580029361593,52.6626466390801,-6.51,11.945,26.559,31.668,47.855,-4,3.624,21,2.25,30.951,0.528,31.111,122.426,479
5.83572277205699,52.6627232194897,-6.58,12.998,26.818,30.574,43.563,-4,3.204,21,2.25,9.55,0.503,9.745,126.302,480
5.8358049772639,52.6627540974847,-6.6,13.453,28.085,31.029,44.25,-4,3.417,21,2.25,31.967,0.98,32.367,152.433,480
5.83588347195229,52.6626778991886,-6.5,12.134,26.824,31.2,47.006,-4,5.171,21,2.25,14.024,0.862,13.824,150.706,480
5.83596197655301,52.6626017006564,-6.5,12.512,27.444,32.428,48.496,-4,6.419,21,2.25,20.409,0.495,20.645,149.773,480
5.83603496095798,52.6625308469803,-6.5,12.592,27.558,32.55,48.65,-4,6.412,21,2.25,4.775,0.44,4.775,152.5,480
5.83611969700949,52.6624486022962,-6.5,12.236,26.912,32.076,48.308,-4,6.468,21,2.25,8.8,0.582,8.717,151.567,480
5.83619754192746,52.6623730491392,-6.58,12.068,26.546,31.651,47.693,-4,6.371,21,2.25,30.408,0.86,30.456,151.617,480
5.8362760596687,52.6622968499308,-6.52,12.012,26.284,31.46,47.26,-4,6.475,21,2.25,31.775,0.198,31.525,152.6,480
5.83635459754191,52.6622205957966,-6.57,12.219,26.882,32.036,48.091,-4,6.374,21,2.25,22.012,1.482,21.95,151.913,480
5.83643309416146,52.6621443965704,-6.6,12.436,27.594,32.878,49.212,-4,6.351,21,2.25,31.693,1.058,31.748,151.25,480
5.83655361854983,52.6620743637735,-6.6,11.618,26.154,31.512,47.402,-4,5.782,21,2.25,18.962,1.449,19.056,133.761,481
5.83662443232365,52.6620044819752,-6.6,11.487,26.404,31.728,48.335,-4,5.17,21,2.25,16.696,1.471,16.563,106.598,482
5.83670195388259,52.6619279003062,-6.6,11.846,27.547,32.717,50.079,-4,6.323,21,2.25,37.459,1.974,37.487,96.486,483
5.83677947544152,52.6618513185031,-6.6,11.92,27.857,33.199,50.775,-4,6.404,21,2.25,47.956,1.86,48.142,101.785,484
5.83685699700045,52.6617747365658,-6.6,12.084,28.102,33.471,51.007,-4,6.391,21,2.25,52.04,1.916,52.033,107.338,485
5.83693460849157,52.6616981544943,-6.6,11.476,26.436,32.005,49.128,-4,6.405,21,2.25,47.448,2.001,47.433,99.566,486
5.83701221998273,52.6616215722887,-6.6,12.208,28.216,33.657,51.355,-4,6.385,21,2.25,47.673,2.176,47.72,100.583,487
5.83708974154166,52.6615449899488,-6.6,12.442,29.07,34.773,53.314,-4,6.406,21,2.25,55.125,2.089,55.139,103.728,488
5.8371672631006,52.6614684074748,-6.6,12.739,29.999,35.831,54.984,-4,6.354,21,2.25,48.269,2.107,48.176,103.999,489
5.83724478465953,52.6613918248666,-6.6,12.864,30.254,36.309,55.876,-4,6.421,21,2.25,55.103,2.413,55.032,101.559,490
5.83732239615064,52.6613152421242,-6.6,12.92,30.464,36.65,56.65,-4,6.386,21,2.25,56.946,2.037,57.034,91.852,491
5.8374000076418,52.6612386592477,-6.6,12.775,30.249,36.642,56.911,-4,6.409,21,2.25,56.661,2.252,56.652,106.613,492
5.83747752920073,52.6611620762369,-6.6,13.195,31.317,37.62,58.173,-4,6.424,21,2.25,53.829,2.368,53.698,110.725,493
5.83755505075967,52.661085493092,-6.6,12.864,30.312,36.574,56.69,-4,6.424,21,2.25,56.529,2.254,56.529,104.232,494
5.83763266225079,52.6610089098129,-6.6,12.431,29.426,35.696,55.489,-4,6.449,21,2.25,59.938,2.023,60.021,94.075,495
5.83771027374194,52.6609323263996,-6.6,12.646,29.975,36.144,55.952,-4,6.434,21,2.25,53.583,2.189,53.591,114.987,496
5.83778779530087,52.6608557428521,-6.6,12.493,29.349,35.201,54.158,-4,6.41,21,2.25,55.249,1.593,55.048,105.546,497
5.83786531685981,52.6607791591704,-6.54,11.643,26.734,32.401,49.768,-4,6.328,21,2.25,45.658,1.66,45.672,107.245,498
5.83794283841875,52.6607025753546,-6.5,11.596,26.401,31.504,47.961,-4,4.987,21,2.25,45.273,1,43.728,100.842,499
5.83802044990986,52.6606259914046,-6.5,10.771,24.131,28.637,43.312,-4,4.074,21,2.25,38.679,1.659,38.776,110.212,500
5.83808942247751,52.6605579715409,-6.5,11.879,24.964,28.752,41.891,-4,3.619,21,2.25,30.796,1.734,30.907,110.149,501
5.83821569611579,52.6606050451432,-6.5,12.18,25.805,30.011,43.981,-4,3.101,21,2.229,51.104,1.006,50.961,77.497,502
5.83814680465499,52.6606730109112,-6.5,11.232,25.461,30.406,46.34,-4,3.864,21,2.196,51.004,0.848,50.798,74.833,503
5.83806919316388,52.6607495947788,-6.5,11.829,27.053,32.669,50.037,-4,5.335,21,2.201,48.927,1.11,47.051,73.436,504
5.83799167160494,52.6608261785123,-6.58,12.12,28.003,33.833,52.065,-4,6.27,21,2.118,42.545,0.891,41.905,70.52,505
5.837914150046,52.6609027621115,-6.6,12.481,29.384,35.526,54.827,-4,6.516,21,2.138,47.199,1.387,46.043,73.074,506
5.83783662848707,52.6609793455766,-6.6,12.661,29.623,35.766,55.257,-4,6.612,21,2.18,50.035,1.756,49.312,74.117,507
5.83775901699592,52.6610559289075,-6.6,12.715,30.008,36.069,55.693,-4,6.556,21,2.199,57.864,2.062,57.417,75.057,508
5.8376814055048,52.6611325121043,-6.6,12.659,29.936,36.103,55.961,-4,6.516,21,2.106,52.192,1.799,50.758,71.67,509
5.83760388394586,52.6612090951668,-6.6,13.128,31.032,37.2,57.593,-4,6.468,21,2.189,52.872,2.296,52.1,73.697,510
5.83752636238693,52.6612856780952,-6.6,13.347,31.523,37.781,58.403,-4,6.412,21,2.212,52.139,2.114,51.705,77.195,511
5.83744875089577,52.6613622608894,-6.6,12.985,30.749,36.896,57.139,-4,6.384,21,2.138,52.808,1.964,51.395,71.918,512
5.83737113940466,52.6614388435494,-6.6,12.929,30.273,36.243,55.792,-4,6.319,21,2.136,48.224,1.891,46.828,71.748,513
5.83729361784572,52.6615154260752,-6.6,12.841,29.932,35.73,54.831,-4,6.534,21,2.163,49.883,1.932,48.927,73.554,514
5.83721609628678,52.6615920084668,-6.6,12.664,29.511,35.021,53.761,-4,6.55,21,2.18,44.908,1.986,44.444,74.883,515
5.83713857472786,52.6616685907243,-6.6,12.107,28.344,33.705,51.56,-4,6.614,21,2.121,47.056,1.732,46.233,71.749,516
5.8370609632367,52.6617451728476,-6.6,11.788,26.912,32.35,49.541,-4,6.641,21,2.192,48.612,1.927,48.1,76.325,517
5.83698335174559,52.6618217548367,-6.6,11.954,27.467,32.681,49.786,-4,6.661,21,2.168,46.49,1.781,46.046,74.302,518
5.83690583018665,52.6618983366916,-6.6,11.913,27.63,32.962,50.12,-4,6.584,21,2.162,44.826,1.861,43.95,74.712,519
5.83682830862771,52.6619749184123,-6.6,12.22,28.228,33.177,50.403,-4,6.583,21,2.172,45.516,1.717,44.892,76.361,520
5.83675078706878,52.6620514999989,-6.6,12.343,28.183,33.013,49.791,-4,4.928,21,2.167,13.203,1.676,13.037,75.813,521
5.83669107340076,52.6621103524319,-6.6,12.498,28.145,33.223,49.517,-4,4.019,21,2.199,3.045,1.483,2.998,75.925,522
5.83681691679821,52.6621580250335,-6.66,14.382,31.284,35.672,51.18,-4,3.585,21,2.215,41.36,0.669,37.263,52.326,523
5.83687723174613,52.6620985725172,-6.61,13.132,29.4,34.157,50.699,-4,3.79,21,2.219,43.513,0.621,39.204,49.845,524
5.83695475330505,52.6620219910131,-6.6,11.872,27.172,32.174,48.727,-4,5.029,21,2.217,42.034,1.123,34.348,49.38,525
5.83703227486399,52.6619454093749,-6.6,11.9,27.208,32.305,48.897,-4,5.581,21,2.25,49.86,0.796,44.734,46.504,526
5.83710979642293,52.6618688276024,-6.6,11.933,27.402,32.52,49.554,-4,6.163,21,2.224,48.239,1.576,43.338,48.945,527
5.83718740791404,52.6617922456958,-6.6,11.897,27.489,32.923,50.369,-4,6.337,21,2.17,43.911,1.519,39.374,50.723,528
5.8372650194052,52.661715663655,-6.6,12.36,28.666,34.123,52.15,-4,6.376,21,2.2,46.658,1.598,41.915,49.217,529
5.83734254096413,52.66163908148,-6.6,12.446,28.794,34.472,52.773,-4,6.369,21,2.25,46.07,1.851,41.207,47.748,530
5.83742006252306,52.6615624991709,-6.6,12.52,29.437,35.337,54.271,-4,6.297,21,2.234,47.156,1.556,42.307,48.394,531
5.837497584082,52.6614859167275,-6.6,12.961,30.448,36.521,56.256,-4,6.411,21,2.188,53.041,1.692,47.714,50.186,532
5.83757519557312,52.66140933415,-6.6,13.436,31.567,37.594,57.832,-4,6.339,21,2.25,55.888,1.841,50.125,47.652,533
5.83765280706428,52.6613327514383,-6.6,13.108,30.934,36.927,56.868,-4,6.358,21,2.215,54.127,1.958,48.39,48.35,534
5.83773032862321,52.6612561685924,-6.6,12.737,29.936,35.853,55.495,-4,6.534,21,2.18,56.298,1.893,50.442,51.423,535
5.83780785018214,52.6611795856123,-6.6,12.809,29.973,36.01,55.42,-4,6.407,21,2.239,57.486,1.962,51.534,48.276,536
5.83788546167326,52.6611030024981,-6.6,12.874,30.111,36.01,55.517,-4,6.431,21,2.212,55.024,1.927,49.279,48.888,537
5.83796307316441,52.6610264192497,-6.6,12.159,28.488,34.733,53.866,-4,6.545,21,2.194,54.938,1.979,49.201,50.396,538
5.83804059472335,52.660949835867,-6.6,12.625,29.535,35.629,55.285,-4,6.611,21,2.234,52.484,1.825,47.187,49.973,539
5.83811811628228,52.6608732523502,-6.6,12.865,30.215,36.319,56.131,-4,6.463,21,2.215,45.302,1.832,40.647,49.472,540
5.83819571090226,52.6607966691061,-6.56,13.13,30.832,36.86,57.067,-4,6.201,21,2.25,35.508,1.74,31.931,48.709,541
5.83827326620349,52.6607200845072,-6.5,12.824,29.883,35.335,54.555,-4,4.291,21,2.214,15.458,1.216,14.168,52.397,542
5.83834213740451,52.6606521194218,-6.5,13.389,28.508,32.762,47.821,-4,3.35,21,2.193,37.5,1.118,36.683,57.476,543
5.83846840558696,52.6606992477905,-6.51,13.596,29.366,34.545,51.378,-4,3.684,21,2.25,1.428,1.658,1.293,64.665,544
5.83839969400967,52.6607671588663,-6.51,13.241,31.548,37.503,58.841,-4,4.966,21,2.25,7.947,1.589,7.486,65.625,545
5.83832208251853,52.660843742569,-6.6,13.218,31.637,38.31,59.971,-4,6.616,21,2.25,39.223,1.731,35.874,60.046,546
5.8382444710274,52.6609203261375,-6.6,12.425,29.333,35.709,55.68,-4,6.689,21,2.25,42.052,1.938,38.291,62.391,547
5.83816694946847,52.6609969095718,-6.6,12.658,29.606,35.708,55.184,-4,6.679,21,2.25,48.629,1.985,44.542,62.128,548
5.83808942790954,52.6610734928719,-6.6,11.931,28.196,34.225,53.411,-4,6.717,21,2.25,51.549,2.152,46.673,60.511,549
5.83801181641838,52.6611500760379,-6.6,12.401,29.38,35.239,54.66,-4,6.683,21,2.25,52.507,2.157,47.982,62.362,550
5.83793420492726,52.6612266590697,-6.6,12.868,30.115,35.961,55.274,-4,6.69,21,2.25,57.433,2.046,52.525,62.257,551
5.83785668336833,52.6613032419672,-6.6,12.656,29.489,35.285,54.258,-4,6.652,21,2.25,53.619,1.916,49.208,62.179,552
5.8377791618094,52.6613798247307,-6.6,12.696,29.826,35.631,55.007,-4,6.652,21,2.25,52.379,1.886,47.968,60.858,553
5.83770156725343,52.661456406953,-6.6,13.423,31.557,37.344,57.359,-4,6.564,21,2.25,52.992,1.931,48.184,61.563,554
5.83762401182413,52.6615329902618,-6.6,13.058,30.806,36.606,56.299,-4,6.582,21,2.25,50.998,1.9,46.267,59.499,555
5.83754641726819,52.6616095722158,-6.6,12.437,28.937,34.613,53.117,-4,6.625,21,2.25,50.664,1.887,46.427,60.797,556
5.83746889570925,52.6616861544425,-6.6,12.691,29.401,34.85,53.035,-4,6.61,21,2.25,50.375,2.005,45.635,60.467,557
5.83739137415032,52.661762736535,-6.6,12.247,28.346,33.653,51.323,-4,6.486,21,2.25,53.652,1.902,48.634,60.346,558
5.83731376265916,52.6618393184933,-6.6,11.655,26.679,31.851,48.645,-4,6.547,21,2.25,50.088,1.775,45.827,61.701,559
5.83723615116804,52.6619159003175,-6.6,11.945,27.311,31.955,48.799,-4,6.564,21,2.25,53.539,1.336,47.949,57.975,560
5.83715862960911,52.6619924820074,-6.6,11.611,26.521,31.407,47.7,-4,6.202,21,2.25,44.218,0.972,40.579,60.832,561
5.83708110805017,52.6620690635632,-6.6,11.719,26.488,31.356,47.465,-4,4.389,21,2.25,42.667,0.546,38.579,61.57,562
5.83700358649124,52.6621456449848,-6.6,11.676,26.614,31.544,47.67,-4,3.674,21,2.25,35.311,0.609,32.173,60.586,563
5.83694274605832,52.6622055880611,-6.65,13.288,28.772,33.014,47.801,-4,3.245,21,2.25,37.378,0.802,34.336,60.336,564
5.83706998586266,52.6622538070947,-6.59,12.108,26.849,30.875,45.524,-4,3.117,21,2.25,23.514,0.808,23.634,81.262,565
5.8371301211008,52.6621927174017,-6.6,11.748,26.613,31.254,47.208,-4,4.612,21,2.25,43.566,0.83,43.712,82.901,566
5.83720764265972,52.6621161360626,-6.6,11.726,26.353,31.171,47.034,-4,5.807,21,2.25,33.478,0.625,33.388,82.995,567
5.83728516421866,52.6620395545893,-6.6,11.506,26.044,30.95,46.946,-4,6.533,21,2.25,51.119,1.398,51.131,84.21,568
5.8373626857776,52.6619629729818,-6.6,11.257,25.609,30.641,46.67,-4,6.561,21,2.25,50.148,1.928,50.185,82.304,569
5.83744029726871,52.6618863912402,-6.6,11.099,25.181,30.148,45.897,-4,6.541,21,2.25,53.092,1.814,53.126,86.301,570
5.83751790875987,52.6618098093643,-6.6,11.477,26.337,31.357,48.007,-4,6.606,21,2.25,49.227,2.137,49.13,83.842,571
5.8375954303188,52.6617332273543,-6.6,12.116,28.286,33.506,51.412,-4,6.59,21,2.25,51.366,1.982,51.5,81.832,572
5.83767295187773,52.6616566452101,-6.6,12.411,28.709,34.11,52.148,-4,6.547,21,2.25,53.007,2.157,53.133,85.247,573
5.83775056336885,52.6615800629317,-6.6,12.699,29.596,35.224,53.945,-4,6.511,21,2.25,51.289,1.928,50.964,84.435,574
5.83782817486,52.6615034805191,-6.6,13.063,30.502,36.331,55.703,-4,6.6,21,2.25,51.907,2.259,51.926,81.69,575
5.83790569641894,52.6614268979724,-6.6,12.847,30.127,35.937,55.267,-4,6.556,21,2.25,47.675,2.135,47.628,84.247,576
5.83798321797788,52.6613503152914,-6.6,12.389,28.907,34.78,53.677,-4,6.522,21,2.25,55.627,2.169,55.271,83.464,577
5.83806073953681,52.6612737324763,-6.6,13.073,30.88,36.737,56.708,-4,6.525,21,2.25,49.292,2.153,49.188,87.038,578
5.83813835102792,52.661197149527,-6.6,13.157,31.148,37.144,57.203,-4,6.602,21,2.25,54.66,2.321,54.683,82.738,579
5.83821596251908,52.6611205664435,-6.6,12.863,30.373,36.449,56.317,-4,6.532,21,2.25,43.517,2.131,43.515,84.892,580
5.83829348407802,52.6610439832259,-6.6,12.393,28.945,34.811,53.865,-4,6.482,21,2.25,46.42,1.913,46.44,87.125,581
5.83837100563695,52.660967399874,-6.6,12.069,28.023,34.024,52.674,-4,6.513,21,2.25,48.249,1.943,48.303,86.192,582
5.83844861712807,52.660890816388,-6.6,12.785,30.279,36.651,57.18,-4,6.492,21,2.25,40.101,1.696,39.997,83.404,583
5.83852622861923,52.6608142327678,-6.51,12.66,30.049,36.585,57.254,-4,4.534,21,2.25,5.639,1.864,5.653,84.738,584
5.838594936827,52.6607463219688,-6.59,13.858,29.8,35.671,53.285,-4,3.742,21,2.25,0.489,1.811,0.491,84.429,585
5.83872119632818,52.6607934507634,-6.58,14.027,31.321,36.827,55.55,-4,3.037,21,2.192,21.853,1.066,19.982,59.052,586
5.83865249343214,52.6608613066186,-6.54,12.57,30.193,36.775,57.863,-4,3.607,21,2.117,29.73,0.936,27.098,56.17,587
5.83857488194098,52.6609378901563,-6.6,12.696,29.599,35.709,55.212,-4,4.78,21,2.142,109.265,0.722,51.866,55.639,588
5.83849727044987,52.6610144735599,-6.6,12.081,28.211,34.025,52.565,-4,5.538,21,2.122,47.863,1.58,43.406,55.618,589
5.83841974889093,52.6610910568292,-6.6,12.145,28.514,34.265,52.808,-4,6.299,21,2.123,46.753,1.463,42.767,55.243,590
5.83834222733199,52.6611676399644,-6.6,12.571,29.738,35.746,55.291,-4,6.459,21,2.112,46.086,1.527,42.262,57.02,591
5.83826461584085,52.6612442229654,-6.6,12.775,30.438,36.581,56.775,-4,6.53,21,2.156,41.958,1.657,38.671,57.641,592
5.83818700434972,52.6613208058323,-6.61,13.004,30.71,36.625,56.639,-4,6.529,21,2.137,45.975,1.533,42.012,56.904,593
5.83810948279079,52.6613973885649,-6.64,12.559,29.452,35.254,54.279,-4,6.604,21,2.032,42.968,1.376,38.695,50.647,594
5.83803196123186,52.6614739711633,-6.6,12.825,30.054,35.818,55.002,-4,6.65,21,2.144,42.725,1.7,39.088,57.832,595
5.83795443967293,52.6615505536276,-6.6,12.678,29.758,35.535,54.555,-4,6.615,21,2.127,44.373,1.658,40.422,55.42,596
5.83787682818177,52.6616271359577,-6.6,12.478,29.233,34.731,53.227,-4,6.635,21,2.092,45.875,1.606,41.499,50.74,597
5.83779921669065,52.6617037181536,-6.6,12.784,29.711,35.064,53.28,-4,6.578,21,2.126,50.199,1.742,46.316,60.489,598
5.83772169513172,52.6617803002154,-6.6,12.249,28.486,33.732,51.572,-4,6.626,21,2.116,45.027,1.728,40.659,51.673,599
5.83764417357278,52.6618568821429,-6.6,11.328,25.983,31.071,47.625,-4,6.608,21,2.139,42.747,1.664,39.645,58.728,600
5.83756657901681,52.6619334635294,-6.6,11.09,25.149,30.136,45.87,-4,6.63,21,2.116,43.496,1.598,39.587,56.549,601
5.83748902358753,52.6620100460024,-6.6,11.571,26.302,31.193,47.224,-4,6.565,21,2.177,38.597,1.491,35.522,59.927,602
5.83741142903157,52.6620866271205,-6.6,11.749,26.527,31.398,47.534,-4,6.623,21,2.11,35.916,1.428,32.155,50.177,603
5.83733390747263,52.6621632085113,-6.6,11.579,26.112,31.034,46.908,-4,6.404,21,2.098,21.921,1.231,20.065,55.06,604
5.83725638591371,52.6622397897679,-6.53,11.512,25.776,30.554,45.948,-4,4.744,21,2.184,21.983,1.06,20.59,61.589,605
5.83719528735719,52.6623014570186,-6.53,11.796,25.953,30.417,44.946,-4,3.464,21,1.848,4.776,0.259,4.641,54.602,606
5.83732044096149,52.6623491098044,-6.59,13.028,28.631,32.709,47.607,-4,3.737,21,2.11,6.857,0.924,6.183,39.697,607
5.83738274065884,52.6622868620835,-6.52,11.903,26.874,31.633,47.558,-4,4.706,21,2.25,11.777,1.388,10.476,37.778,608
5.83746026221778,52.6622102809093,-6.59,12.115,27.026,31.921,47.87,-4,6.606,21,2.25,28.249,1.711,26.015,36.725,609
5.83753778377671,52.662133699601,-6.6,12.114,27.245,32.123,48.166,-4,6.666,21,2.25,45.103,1.965,41.334,37.279,610
5.83761539526783,52.6620571181584,-6.6,11.956,26.873,31.757,47.747,-4,6.832,21,2.25,46.212,1.959,41.628,38.669,611
5.83769300675899,52.6619805365817,-6.6,11.154,25.301,30.303,46.083,-4,6.682,21,2.241,47.943,1.846,43.939,37.768,612
5.83777052831793,52.6619039548708,-6.6,11.695,26.617,31.615,48.039,-4,6.644,21,2.25,52.028,1.894,47.474,36.044,613
5.83784804987686,52.6618273730258,-6.6,12.357,28.355,33.487,50.815,-4,6.681,21,2.25,45.91,2.004,41.731,37.431,614
5.83792557143579,52.6617507910465,-6.6,12.662,29.521,34.904,53.007,-4,6.671,21,2.239,50.669,1.748,45.934,37.727,615
5.83800318292691,52.6616742089331,-6.6,12.559,29.289,34.802,52.959,-4,6.677,21,2.25,48.37,2.007,43.905,37.264,616
5.83808079441806,52.6615976266855,-6.6,12.489,29.071,34.835,53.154,-4,6.687,21,2.25,48.968,1.932,44.706,34.755,617
5.838158315977,52.6615210443037,-6.6,12.465,29.139,34.997,53.667,-4,6.716,21,2.25,52.075,1.791,46.895,36.329,618
5.83823583753593,52.6614444617877,-6.6,12.773,29.828,35.68,54.751,-4,6.707,21,2.25,57.433,1.534,50.641,36.591,619
5.83831335909487,52.6613678791375,-6.6,12.795,30.284,36.239,55.917,-4,6.632,21,2.25,47.041,1.7,41.747,34.178,620
5.83839097058598,52.6612912963532,-6.6,12.912,30.326,36.367,55.758,-4,6.737,21,2.25,43.246,1.739,38.129,35.855,621
5.83846858207714,52.6612147134347,-6.6,12.428,29.293,35.113,53.987,-4,6.683,21,2.234,48.657,1.691,44.378,35.997,622
5.83854610363607,52.661138130382,-6.6,12.069,27.9,33.641,51.759,-4,6.7,21,2.25,48.518,1.663,42.968,34.525,623
5.83862362519501,52.6610615471951,-6.6,12.228,28.406,34.05,52.227,-4,6.69,21,2.25,42.493,1.538,37.522,35.846,624
5.83870123668613,52.660984963874,-6.6,12.614,29.545,35.531,54.746,-4,5.657,21,2.25,44.716,0.584,39.901,33.999,625
5.83877884817728,52.6609083804187,-6.55,13.245,31.691,37.848,58.664,-4,3.959,21,2.25,49.923,0.658,44.694,34.463,626
5.83884755638509,52.6608405243127,-6.59,14.262,31.395,37.414,55.824,-4,2.811,21,2.25,16.565,0.404,14.958,35.897,627
5.83897382451199,52.660887652478,-6.6,12.931,28.693,34.162,50.966,-4,3.139,21,2.25,24.843,0.488,23.831,20.281,628
5.8389052029224,52.6609554541682,-6.55,12.821,30.275,35.765,54.982,-4,3.578,21,2.25,44.084,0.866,41.905,20.534,629
5.83882759143125,52.6610320375409,-6.6,12.292,29.493,35.481,54.925,-4,5.106,21,2.25,54.259,0.669,51.27,22.864,630
5.83874997994012,52.6611086207795,-6.6,11.583,27.314,32.948,50.95,-4,6.215,21,2.25,52.255,1.574,49.378,22.313,631
5.83867245838119,52.6611852038839,-6.6,11.568,27.221,32.931,51.019,-4,6.473,21,2.25,53.513,1.925,50.626,19.161,632
5.83859493682226,52.6612617868542,-6.6,11.95,28.353,34.153,53.046,-4,6.649,21,2.25,53.267,1.929,50.297,21.739,633
5.8385173253311,52.6613383696902,-6.6,12.6,30.153,36.277,56.245,-4,6.649,21,2.25,55.035,2.074,52.111,23.111,634
5.83843971383998,52.6614149523921,-6.6,12.656,30.223,36.308,56.39,-4,6.741,21,2.25,57.731,2.18,54.603,22.538,635
5.83836219228105,52.6614915349597,-6.6,12.506,29.486,35.472,54.796,-4,6.619,21,2.25,54.091,2.267,50.979,22.145,636
5.83828467072212,52.6615681173932,-6.6,12.225,29.13,35.011,54.068,-4,6.656,21,2.25,48.838,2.165,46.143,21.715,637
5.83820714916318,52.6616446996926,-6.6,11.921,28.325,33.959,52.515,-4,6.759,21,2.25,52.959,2.048,50.079,24.449,638
5.83812953767202,52.6617212818577,-6.6,11.794,27.76,33.437,51.572,-4,6.585,21,2.25,51.934,1.97,49.124,22.127,639
5.8380519261809,52.6617978638887,-6.6,12.012,28.072,33.585,51.386,-4,6.679,21,2.25,53.55,2.113,50.547,21.559,640
5.83797440462197,52.6618744457854,-6.6,11.703,27.222,32.577,49.831,-4,6.66,21,2.25,52.888,2.148,49.953,21.897,641
5.83789688306304,52.661951027548,-6.6,11.232,26.029,31.178,47.638,-4,6.607,21,2.25,47.998,1.968,45.311,24.577,642
5.83781936150411,52.6620276091764,-6.6,10.768,24.605,29.727,45.345,-4,6.525,21,2.25,54.272,2.076,51.152,22.135,643
5.83774175001295,52.6621041906707,-6.6,11.057,25.225,30.168,45.942,-4,6.629,21,2.25,46.144,1.876,43.594,23.715,644
5.83766413852184,52.6621807720307,-6.59,11.495,26.178,31.326,47.393,-4,6.639,21,2.25,46.753,2.089,44.129,24.377,645
5.8375866169629,52.6622573532566,-6.59,11.94,26.936,32.053,48.321,-4,6.612,21,2.25,32.306,1.759,30.615,22.484,646
5.83750909540397,52.6623339343483,-6.52,11.407,26.127,31.33,47.579,-4,4.897,21,2.25,6.497,1.67,6.147,23.477,647
5.83744585222595,52.6623967337331,-6.59,12.736,28.003,32.425,47.409,-4,4.061,21,2.25,2.072,1.715,1.966,23.725,648
5.83757132163691,52.6624442795153,-6.6,11.95,25.768,30.26,44.022,-4,3.193,21,2.25,12.455,1.465,11.748,8.757,649
5.8376353602169,52.6623810065625,-6.57,11.499,26.143,31.497,47.316,-4,4.217,21,2.25,16.408,1.538,15.5,6.552,650
5.83771295483692,52.6623044259601,-6.6,11.824,26.826,32.061,48.118,-4,5.421,21,2.25,35.609,1.72,33.667,6.498,651
5.83779049326697,52.6622278444098,-6.59,11.422,26.053,31.259,47.242,-4,6.033,21,2.25,51.717,1.587,48.948,5.72,652
5.83786803169701,52.6621512627254,-6.6,10.891,24.719,29.957,45.361,-4,6.114,21,2.25,51.205,2.162,48.398,7.28,653
5.83794562631704,52.6620746817205,-6.6,10.748,24.667,30.067,45.662,-4,6.029,21,2.25,49.886,1.807,47.17,6.324,654
5.83802314787598,52.6619981001746,-6.6,11.178,26.091,31.666,48.219,-4,6.155,21,2.25,56.223,1.829,53.341,5.69,655
5.83810074249599,52.6619215189014,-6.6,12.03,28.027,33.725,51.33,-4,6.315,21,2.25,52.304,1.899,49.549,6.79,656
5.83817828092605,52.6618449366802,-6.6,12.375,28.895,34.709,52.851,-4,6.027,21,2.25,51.144,1.746,48.679,4.487,657
5.8382558193561,52.6617683543248,-6.6,12.252,28.671,34.635,52.768,-4,6.24,21,2.25,50.812,1.996,48.327,5.723,658
5.83833341397612,52.661691772649,-6.6,12.404,29.376,35.42,54.324,-4,6.366,21,2.25,56.121,1.988,53.086,7.299,659
5.83841093553506,52.6616151904322,-6.6,12.608,30.01,36.204,55.587,-4,6.178,21,2.25,52.665,1.685,49.829,5.366,660
5.83848853015506,52.661538608488,-6.6,12.611,29.925,36.455,56.094,-4,5.971,21,2.25,51.334,1.941,48.638,4.639,661
5.83856606858513,52.6614620255959,-6.6,12.787,30.737,37.407,58.048,-4,6.26,21,2.25,49.578,1.758,46.855,7.542,662
5.83864360701518,52.6613854425697,-6.6,13.004,31.566,38.62,60.262,-4,6.006,21,2.25,54.845,1.828,51.866,5.568,663
5.8387212016352,52.661308860223,-6.6,13.217,31.748,38.164,59.114,-4,5.843,21,2.25,54.909,1.783,51.941,4.707,664
5.83879872319413,52.6612322773352,-6.6,12.014,28.332,34.174,52.771,-4,5.804,21,2.25,47.216,1.66,44.595,4.842,665
5.83887631781412,52.6611556947202,-6.6,11.307,26.773,32.583,50.364,-4,5.841,21,2.25,48.83,1.495,46.216,7.056,666
5.83895387311533,52.6610791107503,-6.53,11.598,27.405,33.119,51.1,-4,4.732,21,2.25,49.578,0.811,46.897,5.852,667
5.83903146773534,52.6610025278669,-6.5,11.592,26.682,31.571,48.019,-4,3.098,21,2.25,6.225,0.78,5.894,3.733,668
5.83910008601097,52.6609347264537,-6.54,12.662,26.44,31.016,45.011,-4,2.981,21,2.25,12.942,0.517,11.767,9.025,669
5.83922635082387,52.6609818001747,-6.57,12.965,26.322,30.739,43.769,-4,3.386,21,2.078,16.119,1.452,15.181,9.977,670
5.83915773254825,52.6610496015149,-6.5,11.902,26.862,31.562,47.632,-4,4.557,21,2.121,20.25,1.452,19.072,13.798,671
5.83908021098932,52.6611261847227,-6.5,11.656,26.865,32.261,49.359,-4,6.434,21,2.157,41.95,1.748,39.555,14.051,672
5.83900261643336,52.6612027673895,-6.53,12.47,28.71,34.116,51.959,-4,6.547,21,2.125,42.45,1.781,40.207,12.663,673
5.83892506100405,52.6612793511427,-6.6,13.421,31.431,37.282,57.169,-4,6.558,21,2.109,47.076,1.913,44.663,11.726,674
5.83884746644811,52.6613559335411,-6.6,13.569,33.043,40.103,62.828,-4,6.682,21,2.123,45.592,2.057,43.09,14.645,675
5.83876994488918,52.6614325162122,-6.6,13.716,33.163,40.595,63.451,-4,6.579,21,2.126,54.209,1.886,51.251,12.543,676
5.83869242333025,52.6615090987491,-6.6,13.324,31.766,38.811,59.808,-4,6.63,21,2.097,49.009,1.78,46.425,12.207,677
5.83861481183909,52.6615856811518,-6.6,12.835,30.067,36.56,55.864,-4,6.735,21,2.097,52.158,1.832,49.435,14.186,678
5.83853720034797,52.6616622634204,-6.6,12.913,30.145,36.191,55.093,-4,6.386,21,2.148,44.373,1.667,42.212,10.121,679
5.83845967878904,52.6617388455547,-6.6,12.909,29.824,35.861,54.349,-4,6.43,21,2.13,50.135,1.755,47.455,10.336,680
5.8383821572301,52.6618154275549,-6.6,13.263,30.376,36.152,54.391,-4,6.689,21,2.107,47.678,1.785,45.159,14.464,681
5.83830463567117,52.6618920094209,-6.59,13.204,30.065,35.809,53.896,-4,6.606,21,2.101,47.967,1.846,45.432,11.547,682
5.83822702418002,52.6619685911527,-6.58,12.876,29.505,35.164,52.778,-4,6.317,21,2.185,49.111,1.781,46.36,9.986,683
5.8381494126889,52.6620451727504,-6.57,12.258,27.76,33.378,50.016,-4,6.714,21,2.105,50.259,1.987,47.395,14.281,684
5.83807189112996,52.6621217542138,-6.6,11.923,26.701,32.005,47.926,-4,6.435,21,2.119,52.722,1.683,49.853,11.528,685
5.83799436957103,52.6621983355431,-6.59,12.097,26.686,31.78,47.248,-4,6.151,21,2.148,54.103,1.554,50.907,11.741,686
5.83791684801209,52.6622749167382,-6.6,12.097,27.009,32.049,47.76,-4,5.593,21,2.089,51.251,0.786,48.425,8.91,687
5.83783923652094,52.6623514977991,-6.6,11.871,26.483,31.54,47.171,-4,5.279,21,2.088,34.904,0.72,32.971,14.424,688
5.83776162502982,52.6624280787259,-6.6,11.21,25.28,30.332,45.19,-4,2.946,21,2.232,30.58,0.672,28.896,11.611,689
5.83769759281743,52.6624913507711,-6.6,10.913,23.759,27.992,40.7,-4,2.248,21,2.246,20.541,0.874,19.223,12.052,690
5.83782331892957,52.6625390225693,-6.57,10.876,23.365,26.796,38.922,-4,2.222,21,2.25,26.069,0.321,25.483,28.479,691
5.83788797977496,52.6624751508386,-6.51,11.419,24.559,28.43,41.441,-4,3.559,21,2.25,39.416,0.597,36.728,28.278,692
5.83796559126608,52.6623985699944,-6.58,11.847,26.09,30.676,45.207,-4,5.587,21,2.25,42.239,0.768,38.902,26.845,693
5.83804320275724,52.6623219890159,-6.53,11.604,26.4,31.338,47.116,-4,6.488,21,2.25,47.014,1.166,43.309,26.925,694
5.83812072431617,52.6622454079033,-6.51,11.958,26.947,32.107,48.061,-4,6.642,21,2.25,43.489,1.638,39.949,27.748,695
5.8381982458751,52.6621688266565,-6.54,11.728,26.427,31.688,47.804,-4,6.641,21,2.25,47.307,1.652,42.723,28.198,696
5.83827576743404,52.6620922452755,-6.52,11.661,26.563,31.943,48.234,-4,6.626,21,2.25,49.192,1.707,45.9,27.481,697
5.83835337892515,52.6620156637604,-6.52,12.469,28.394,33.836,51.069,-4,6.663,21,2.25,44.871,1.749,41.451,27.841,698
5.83843099041631,52.661939082111,-6.5,12.544,29.016,34.754,52.766,-4,6.708,21,2.25,42.754,1.842,38.998,27.954,699
5.83850851197524,52.6618625003275,-6.53,12.244,28.729,34.793,53.22,-4,6.769,21,2.25,49.717,1.584,45.692,28.358,700
5.83858603353418,52.6617859184098,-6.56,12.597,29.457,35.411,53.926,-4,6.728,21,2.25,46.276,1.74,42.52,27.907,701
5.83866355509311,52.6617093363579,-6.59,12.707,29.553,35.554,54.086,-4,6.704,21,2.25,48.993,1.903,45.059,27.121,702
5.83874116658423,52.6616327541718,-6.6,12.911,30.16,36.117,55.261,-4,6.796,21,2.25,47.546,1.765,43.923,29.394,703
5.83881877807539,52.6615561718516,-6.6,13.354,31.615,38.238,59.15,-4,6.73,21,2.25,47.944,1.91,44.451,28.172,704
5.83889629963431,52.6614795893971,-6.6,13.67,33.212,40.704,63.637,-4,6.734,21,2.25,46.1,1.733,42.203,27.94,705
5.83897382119325,52.6614030068085,-6.6,13.497,32.858,40.577,63.653,-4,6.727,21,2.25,47.182,1.949,43.721,27.711,706
5.83905143268437,52.6613264240857,-6.59,13.158,31.61,38.89,60.27,-4,6.76,21,2.25,41.524,1.773,38.023,29.398,707
5.83912904417552,52.6612498412288,-6.5,11.411,26.891,33.187,51.154,-4,6.721,21,2.25,39.759,1.699,36.333,27.958,708
5.83920656573446,52.6611732582376,-6.5,11.313,26.087,31.892,48.785,-4,6.533,21,2.25,28.997,1.617,26.785,28.69,709
5.8392840872934,52.6610966751123,-6.42,11.031,25.366,31.075,47.404,-4,4.453,21,2.25,6.248,1.383,5.508,29.668,710
5.83935270038763,52.6610289287166,-6.52,12.833,26.454,31.03,44.707,-4,3.586,21,2.221,3.12,1.32,2.943,28.623,711
5.83945865991844,52.6610685357336,-6.4,12.379,26.957,31.741,46.498,-4,3.619,21,2.25,5.235,1.21,4.375,32.406,712
5.83938907354431,52.6611359548196,-6.4,10.829,24.216,30.194,46.218,-4,5.19,21,2.25,7.547,1.309,6.487,34.625,713
5.83931054025133,52.6612121562749,-6.47,10.892,24.722,30.738,47.086,-4,6.702,21,2.25,5.124,1.393,4.643,37.886,714
5.83923191971671,52.6612883575512,-6.51,11.011,25.768,32.66,50.431,-4,7.068,21,2.25,36.508,1.27,32.404,37.691,715
5.83915340413812,52.6613643517955,-6.59,13.258,31.431,38.846,60.137,-4,7.303,21,2.25,31.043,1.515,27.804,38.878,716
5.83907460857652,52.6614407594141,-6.6,13.72,32.948,40.864,63.736,-4,7.167,21,2.25,35.067,1.47,30.158,36.629,717
5.83899601675896,52.6615169053296,-6.67,13.444,32.127,39.388,61.578,-4,7.122,21,2.25,38.411,1.382,34.113,37.745,718
5.83891740863256,52.6615931058978,-6.6,13.154,30.688,36.856,56.764,-4,7.127,21,2.25,37.702,1.557,33.81,38.621,719
5.8388387398718,52.6616693059262,-6.56,12.124,27.449,33.31,50.665,-4,7.039,21,2.25,35.981,1.394,31.577,37.311,720
5.83876010244755,52.6617455066355,-6.6,11.956,27.428,33.196,50.772,-4,6.858,21,2.25,44.938,1.488,39.869,36.408,721
5.83868147486803,52.6618217070528,-6.54,11.619,26.82,32.766,50.162,-4,7.089,21,2.25,34.728,0.879,31.151,38.652,722
5.83860554558408,52.6618952967523,-6.5,12.036,27.639,33.792,51.477,-4,7.088,21,2.25,34.378,2.411,30.232,37.296,722
5.83852436694617,52.6619740522003,-6.5,13.164,30.124,35.672,53.76,-4,6.984,21,2.25,18.422,1.077,16.144,36.856,722
5.83844570049139,52.6620502515646,-6.55,13.328,29.772,35.068,52.284,-4,7.048,21,2.25,62.569,0.668,55.531,36.764,722
5.83836706076123,52.6621264516098,-6.6,12.628,27.632,32.546,48.568,-4,6.963,21,2.25,30.004,0.545,26.04,36.162,722
5.83827608910035,52.6622145426088,-6.54,12.176,26.724,31.936,47.536,-4,6.992,21,2.25,12.167,0.679,10.742,37.408,722
5.83820984345409,52.6622787959428,-6.59,12.901,28.153,33.191,48.553,-4,6.851,21,2.25,16.757,1.272,14.563,35.929,722
5.83813123532776,52.6623549951826,-6.6,12.172,26.884,31.668,46.956,-4,6.648,21,2.25,24.743,0.925,21.236,35.264,722
5.83805257117897,52.6624311938827,-6.6,11.72,25.364,29.76,43.708,-4,6.339,21,2.25,31.893,0.358,28.579,37.714,722
5.83797392914289,52.6625073932638,-6.53,11.964,24.723,28.655,40.915,-4,4.746,21,2.25,23.238,0.783,20.188,36.128,722
5.83790787560576,52.6625714286958,-6.5,12.285,24.915,27.725,39.295,-4,3.089,21,2.25,20.97,0.79,19.903,33.465,722
