X,Y,year,month,day,hr,min,sec,Hoogte,qual,speed(km/h,load(kg),tare(kg),conv.facto,beltspd(m/,workwidth(,yield(ton/,totalyield,point_weig,totalarea(,worktime(s,loadnr,loadweight,loadbelt(m,usertare(%,tarecorrec,tarecorre2,dosering
5.83792844927412,52.6613285230095,2018,3,4.171,6.753,29.835,29.648,-4.35,4,6.365,23.519,21,30.117,0.236,2.225,48.769,91.823,1.903,2.314,6451.918,7.333,32.176,528.256,0,48.323,91.823,320
5.8368325354491,52.6620831078528,2018,3,4.171,6.753,29.835,29.648,-4.35,4,6.365,23.519,21,30.117,0.236,2.225,48.769,91.823,1.903,2.314,6451.918,7.333,32.176,528.256,0,48.323,91.823,320
5.83637343150438,52.6619393557332,2018,3,4.171,6.753,29.835,29.648,-4.35,4,6.365,23.519,21,30.117,0.236,2.225,48.769,91.823,1.903,2.314,6451.918,7.333,32.176,528.256,0,48.323,91.823,320
5.8379284482214,52.6617057388286,2018,3,4.171,6.753,29.835,29.648,-4.35,4,6.365,23.519,21,30.117,0.236,2.225,48.769,91.823,1.903,2.314,6451.918,7.333,32.176,528.256,0,48.323,91.823,320
5.83712859226118,52.6618136537225,2018,3,4.171,6.753,29.835,29.648,-4.35,4,6.365,23.519,21,30.117,0.236,2.225,48.769,91.823,1.903,2.314,6451.918,7.333,32.176,528.256,0,48.323,91.823,320
5.83868361161405,52.6610769442573,2018,3,4,4.934,31.267,29.531,-4.35,4,6.082,23.363,21,30.117,0.24,2.221,46.309,34.362,1.51,0.772,2197.238,5.039,7.09,108.746,0,43.295,34.362,320
5.83701014712322,52.660825490491,2018,3,4.14,8.212,29.467,29.192,-4.35,4,6.317,23.632,21,30.117,0.236,2.216,47.531,130.616,1.929,3.247,9025.699,8.819,46.112,744.434,0,49.308,130.616,320
5.83852092262709,52.6606817100476,2018,3,4,6.301,26.824,28.287,-4.35,4,3.577,11.554,21,30.117,0.141,2.25,3.096,70.793,1.795,1.591,4451.79,7.571,5.79,88.748,0,2.828,70.793,320
5.83848309596493,52.6607044205496,2018,3,4,6.301,26.824,28.287,-4.35,4,3.577,11.554,21,30.117,0.141,2.25,3.096,70.793,1.795,1.591,4451.79,7.571,5.79,88.748,0,2.828,70.793,320
5.83607521887441,52.6599360752207,2018,3,4.618,5.435,33.869,29.238,-4.35,4,5.432,21.896,21,30.117,0.252,2.25,34.261,75.76,1.881,2.383,6634.629,5.672,52.478,908.625,0,34.261,75.76,320
5.83564767867538,52.6623166697853,2018,3,4,8.726,27.636,22.841,-4.35,4,6.217,22.371,21,30.117,0.226,2.227,42.874,126.578,1.589,3.367,9371.604,9.611,39.232,702.899,0,42.886,126.578,340
5.8360771948279,52.6624603701142,2018,3,4,8.726,27.636,22.841,-4.35,4,6.217,22.371,21,30.117,0.226,2.227,42.874,126.578,1.589,3.367,9371.604,9.611,39.232,702.899,0,42.886,126.578,340
5.83604751752232,52.662379474282,2018,3,4,8.726,27.636,22.841,-4.35,4,6.217,22.371,21,30.117,0.226,2.227,42.874,126.578,1.589,3.367,9371.604,9.611,39.232,702.899,0,42.886,126.578,340
5.83542536631843,52.6623345879963,2018,3,4,8.726,27.636,22.841,-4.35,4,6.217,22.371,21,30.117,0.226,2.227,42.874,126.578,1.589,3.367,9371.604,9.611,39.232,702.899,0,42.886,126.578,340
5.83581045601141,52.6625681485848,2018,3,4,8.726,27.636,22.841,-4.35,4,6.217,22.371,21,30.117,0.226,2.227,42.874,126.578,1.589,3.367,9371.604,9.611,39.232,702.899,0,42.886,126.578,340
5.83501073636142,52.66209263116,2018,3,4.005,9.334,33.277,27.68,-4.35,4,6.037,23.003,21,30.117,0.228,2.226,49.851,156.16,1.769,3.753,10419.853,9.967,49.049,773.967,0,52.321,156.16,340
5.83730643292323,52.6623434846405,2018,3,4,5.172,47.719,23.624,-4.35,4,3.847,6.262,21,30.117,0.137,2.25,1.11,39.4,1.827,0.935,2614.772,5.133,14.215,225.537,0,0.996,39.4,340
5.83819505357648,52.6622897554954,2018,3,4,5,51.771,25.845,-4.35,4,6.795,22.24,21,30.117,0.238,2.25,20.168,35.004,1.227,0.835,2367.935,5,12.934,206.796,0,17.387,35.004,340
5.83589944576095,52.6621821358093,2018,3,4,7.844,25.439,27.208,-4.35,4,6.325,23.524,21,30.117,0.24,2.191,46.287,123.517,1.767,2.731,7622.008,9.58,20.318,308.268,0,46.225,123.517,340
5.83468504437511,52.6622537012571,2018,3,4,9.2,39.4,50.075,-4.35,4,5.957,15.328,21,30.117,0.181,2.138,12.34,178.652,1.927,3.752,10425.21,10,57.224,768.36,0,12.42,178.652,340
5.8368622947913,52.6621949050853,2018,3,4,6,21.126,45.722,-4.35,4,2.821,22.702,21,30.117,0.24,2.25,75.103,51.697,0.856,1.242,3499.903,6.121,8.107,140.21,0,67.436,51.697,340
5.83449240959642,52.6621998082537,2018,3,4,10,44.444,27.389,-4.35,4,4.638,21.936,21,30.117,0.268,2.25,22.646,127.089,2.786,4.497,12425.722,10,59.382,1240.192,0,22.918,127.089,340
5.83641776317903,52.6620925766149,2018,3,4,7.694,27.968,39.876,-4.35,4,6.331,23.362,21,30.117,0.24,2.25,42.367,122.676,1.676,2.612,7304.112,9.435,21.492,301.755,0,42.37,122.676,340
5.83834312666188,52.6620919725509,2018,3,4,4.9,36.175,25.102,-4.35,4,6.689,23.746,21,30.117,0.236,2.25,45.929,30.938,1.266,0.732,2092.474,5,8.938,142.407,0,40.351,30.938,340
5.83812095076543,52.6620922999717,2018,3,4,4,38.5,8.045,-4.35,4,6.699,23.852,21,30.117,0.237,2.073,52.368,12.846,1.751,0.274,835.422,3.395,6.976,102.525,0,49.386,12.846,340
5.83671391487343,52.6621190269547,2018,3,4,6.042,47.852,18.793,-4.35,4,3.3,4.607,21,30.117,0.064,2.24,3.255,76.671,1.38,1.652,4626.376,7.81,5.514,78.817,0,3.306,76.671,340
5.83429995463341,52.6621010279457,2018,3,5,2.444,18.824,37.296,-4.35,4,4.426,22.109,21,30.117,0.249,2.25,27.577,37.263,2.213,0.789,2220.065,3,37.273,511.882,0,27.577,37.263,340
5.83427023210184,52.6621099648743,2018,3,5,2.444,18.824,37.296,-4.35,4,4.426,22.109,21,30.117,0.249,2.25,27.577,37.263,2.213,0.789,2220.065,3,37.273,511.882,0,27.577,37.263,340
5.83770627179175,52.6618405185019,2018,3,4,6.477,24.961,23.323,-4.35,4,6.389,23.606,21,30.117,0.242,2.206,47.497,74.909,1.741,1.675,4688.215,7.536,8.156,121.564,0,44.977,74.909,340
5.83444798058246,52.6617591819798,2018,3,4.76,4.081,35.906,27.926,-4.35,4,6.002,23.503,21,30.117,0.234,2.237,47.137,57.223,1.644,1.7,4760.808,4.678,42.602,706.121,0,47.137,57.223,340
5.83666948836517,52.6619668547949,2018,3,4,7.243,19.108,29.728,-4.35,4,5.767,21.662,21,30.117,0.232,2.25,30.867,104.723,1.825,2.235,6245.931,9.105,12.978,179.691,0,30.748,104.723,340
5.83797283222358,52.6619307951628,2018,3,4,4.413,36.819,29.406,-4.35,4,6.558,24.097,21,30.117,0.238,2.25,53.547,23.524,2.089,0.518,1499.889,4.174,8.884,130.253,0,50.158,23.524,340
5.83548472152365,52.6619303002976,2018,3,4,9.762,25.167,34.925,-4.35,4,6.332,23.91,21,30.117,0.237,2.25,51.645,191.153,2.261,4.007,11123.49,10,69.694,932.29,0,60.194,191.153,340
5.83449245315522,52.6619120236454,2018,3,5,2.2,19.8,34.283,-4.35,4,6.374,23.933,21,30.117,0.247,2.25,54.265,32.913,2.269,0.698,1980.1,3,32.907,453.92,0,54.265,32.913,340
5.8386852637989,52.6618451898617,2018,3,4,5,57.393,30.435,-4.35,4,7.059,23.04,21,30.117,0.24,2.25,32.844,38.601,0.91,0.919,2575.504,5,15.984,256.991,0,29.42,38.601,340
5.83878076055894,52.6617480805105,2018,3,4,5,57.75,20.507,-4.35,4,7.159,23.282,21,30.117,0.25,2.25,38.553,38.75,1.373,0.92,2584.783,5,16.102,259.229,0,34.456,38.75,340
5.83849119861827,52.6617502962447,2018,3,4,4,40.938,30.099,-4.35,4,6.901,23.599,21,30.117,0.243,1.958,51.154,14.791,1.617,0.317,958.073,3.5,7.473,109.66,0,48.489,14.791,340
5.83585506207531,52.6616339021331,2018,3,4,9.605,29.181,35.525,-4.35,4,6.392,23.815,21,30.117,0.234,2.25,48.996,146.103,1.994,3.906,10838.338,10,48.847,864.134,0,51.3,146.103,340
5.8347886462729,52.6615979539588,2018,3,5,2.292,19.132,33.253,-4.35,4,6.391,24.164,21,30.117,0.236,2.227,55.891,32.953,2.062,0.703,1994.89,3,32.955,457.314,0,55.891,32.953,340
5.83801730229063,52.661274631386,2018,3,4,5.128,30.716,27.254,-4.35,4,6.588,23.89,21,30.117,0.238,2.231,50.057,38.583,1.91,0.876,2480.577,5.314,7.216,111.965,0,46.692,38.583,340
5.83807656761237,52.6613285230095,2018,3,4,5.128,30.716,27.254,-4.35,4,6.588,23.89,21,30.117,0.238,2.231,50.057,38.583,1.91,0.876,2480.577,5.314,7.216,111.965,0,46.692,38.583,340
5.83844690837503,52.6614183351474,2018,3,4,5.128,30.716,27.254,-4.35,4,6.588,23.89,21,30.117,0.238,2.231,50.057,38.583,1.91,0.876,2480.577,5.314,7.216,111.965,0,46.692,38.583,340
5.83844690837503,52.6613464434182,2018,3,4,5.128,30.716,27.254,-4.35,4,6.588,23.89,21,30.117,0.238,2.231,50.057,38.583,1.91,0.876,2480.577,5.314,7.216,111.965,0,46.692,38.583,340
5.83829887996899,52.6611308766138,2018,3,4,5.128,30.716,27.254,-4.35,4,6.588,23.89,21,30.117,0.238,2.231,50.057,38.583,1.91,0.876,2480.577,5.314,7.216,111.965,0,46.692,38.583,340
5.83841709591128,52.6613015039849,2018,3,4,5.128,30.716,27.254,-4.35,4,6.588,23.89,21,30.117,0.238,2.231,50.057,38.583,1.91,0.876,2480.577,5.314,7.216,111.965,0,46.692,38.583,340
5.83776558200588,52.6614003349473,2018,3,4,6.293,30.246,37.094,-4.35,4,6.594,23.822,21,30.117,0.24,2.224,49.141,73.634,1.975,1.625,4553.761,7.768,5.156,79.006,0,47.467,73.634,340
5.83792844927412,52.6614812232639,2018,3,4,6.293,30.246,37.094,-4.35,4,6.594,23.822,21,30.117,0.24,2.224,49.141,73.634,1.975,1.625,4553.761,7.768,5.156,79.006,0,47.467,73.634,340
5.83689171083864,52.66118484823,2018,3,4,8.059,23.277,27.451,-4.35,4,6.33,23.566,21,30.117,0.235,2.24,51.815,116.811,2.092,2.822,7861.318,9.226,26.901,451.497,0,51.398,116.811,340
5.83702508024688,52.6612566604038,2018,3,4,8.059,23.277,27.451,-4.35,4,6.33,23.566,21,30.117,0.235,2.24,51.815,116.811,2.092,2.822,7861.318,9.226,26.901,451.497,0,51.398,116.811,340
5.83726214153351,52.6614183351474,2018,3,4,8.059,23.277,27.451,-4.35,4,6.33,23.566,21,30.117,0.235,2.24,51.815,116.811,2.092,2.822,7861.318,9.226,26.901,451.497,0,51.398,116.811,340
5.8368324455169,52.6613374398941,2018,3,4,8.059,23.277,27.451,-4.35,4,6.33,23.566,21,30.117,0.235,2.24,51.815,116.811,2.092,2.822,7861.318,9.226,26.901,451.497,0,51.398,116.811,340
5.83718785758292,52.6615081976388,2018,3,4,8.059,23.277,27.451,-4.35,4,6.33,23.566,21,30.117,0.235,2.24,51.815,116.811,2.092,2.822,7861.318,9.226,26.901,451.497,0,51.398,116.811,340
5.83631389648379,52.6615800074893,2018,3,4,8.059,23.277,27.451,-4.35,4,6.33,23.566,21,30.117,0.235,2.24,51.815,116.811,2.092,2.822,7861.318,9.226,26.901,451.497,0,51.398,116.811,340
5.83619559202905,52.6615534485009,2018,3,4,11,33.967,35.467,-4.35,4,6.111,23.722,21,30.117,0.231,2.25,48.894,142.201,1.817,5.044,13970.723,10,81.211,1595.571,0,48.894,142.201,340
5.83530701549064,52.6615530627236,2018,3,4,9.767,20.283,29.211,-4.35,4,6.381,24.052,21,30.117,0.233,2.231,53.333,188.652,2.096,3.959,10989.607,10,67.211,900.914,0,53.282,188.652,340
5.8351588971524,52.6614182771892,2018,3,4.461,6.472,34.06,24.413,-4.35,4,6.387,24.117,21,30.117,0.23,2.25,53.509,83.609,2.05,2.832,7865.267,6.773,49.451,934.488,0,54.609,83.609,340
5.83908367197971,52.661121435243,2018,3,4,4.292,39.074,24.588,-4.35,4,5.456,19.377,21,30.117,0.207,2.218,31.967,20.265,1.253,0.454,1318.998,3.961,8.775,132.106,0,29.758,20.265,340
5.836432786758,52.6612566604097,2018,3,4,9.798,26.439,32.145,-4.35,4,6.274,23.292,21,30.117,0.23,2.233,52.491,166.74,2.149,4.043,11213.635,10,61.1,952.985,0,56.172,166.74,340
5.83626964979091,52.6611213747144,2018,3,4,9.798,26.439,32.145,-4.35,4,6.274,23.292,21,30.117,0.23,2.233,52.491,166.74,2.149,4.043,11213.635,10,61.1,952.985,0,56.172,166.74,340
5.83908362842088,52.6613016055833,2018,3,4,4.25,44.667,45.389,-4.35,4,6.874,23.476,21,30.117,0.24,2.25,40.914,29.004,1.857,0.625,1788.132,5,5.14,70.949,0,38.762,29.004,340
5.8386836946809,52.6612841548879,2018,3,4,4,33.684,32.041,-4.35,4,6.274,23.887,21,30.117,0.236,2.25,51.593,9.958,1.847,0.213,656.071,3.132,7.998,119.025,0,48.598,9.958,340
5.83772097622701,52.6610769938398,2018,3,4,6.73,26.74,30.489,-4.35,4,6.426,23.945,21,30.117,0.24,2.208,53.095,87.485,1.929,1.905,5331.566,8.147,10.752,153.093,0,51.753,87.485,340
5.83515885218637,52.6612297632576,2018,3,5,2.467,17.133,35.594,-4.35,4,6.406,23.99,21,30.117,0.237,2.25,52.306,35.833,2.136,0.761,2152.478,3,35.828,495.762,0,52.306,35.833,340
5.83490713497504,52.6611943717806,2018,3,4.88,3.022,33.922,28.055,-4.35,4,6.386,20.118,21,30.117,0.2,2.238,39.242,43.856,1.732,1.177,3316.21,3.837,36.56,567.593,0,39.242,43.856,340
5.83886136375986,52.6610146462787,2018,3,4,4.308,34.423,27.324,-4.35,4,5.026,23.171,21,30.117,0.238,2.25,57.744,23.3,0.514,0.499,1463.195,4.308,6.102,87.002,0,54.811,23.3,340
5.83693613734689,52.6610410377135,2018,3,4,10.556,8.444,18.407,-4.35,4,6.404,24.72,21,30.117,0.232,2.25,64.263,131.75,2.399,4.394,12181.433,10,57.332,1179.883,0,64.298,131.75,340
5.83589944082849,52.6609596972145,2018,3,4,9.593,26.259,17.454,-4.35,4,6.39,23.96,21,30.117,0.235,2.229,52.145,181.431,2.028,3.879,10766.611,10,62.224,848.754,0,57.737,181.431,340
5.83856521422441,52.6609423008951,2018,3,4,6.333,15.217,26.68,-4.35,4,4.876,22.976,21,30.117,0.256,2.14,88.944,63.847,0.864,1.452,4061.749,7,7.345,114.845,0,54.731,63.847,340
5.83693609238086,52.6609423034839,2018,3,4,11,26.111,37.389,-4.35,4,6.337,24.169,21,30.117,0.23,2.25,54.781,138.363,2.051,4.969,13769.104,10,77.379,1548.863,0,54.781,138.363,340
5.83886140594742,52.6608614157107,2018,3,4,4.989,31.163,30.165,-4.35,4,3.217,22.097,21,30.117,0.241,2.25,35.708,33.212,0.711,0.763,2169.373,5,10.212,161.103,0,32.064,33.212,340
5.83834312666188,52.6608883072415,2018,3,4,6,44,17.75,-4.35,4,6.699,23.662,21,30.117,0.24,2.25,45.213,69.2,1.984,1.565,4402.275,7.5,4.726,76.862,0,42.95,69.2,340
5.83675834138168,52.6608608091304,2018,3,4,10.419,35.273,15.484,-4.35,4,6.052,23.935,21,30.117,0.231,2.101,56.045,129.231,2.082,4.656,12887.011,10,64.395,1345.829,0,59.125,129.231,340
5.83582529445694,52.6608349099836,2018,3,4.577,5.558,33.918,28.863,-4.35,4,6.414,23.946,21,30.117,0.232,2.25,50.611,71.938,1.743,2.394,6662.632,5.962,46.134,846.079,0,50.611,71.938,340
5.83499730415571,52.6608349721319,2018,3,4.186,9.154,50.494,27.491,-4.35,4,6.42,23.156,21,30.117,0.232,2.25,36.63,126.592,1.321,4.328,12003.94,8.697,76.957,1447.18,0,36.63,126.592,340
5.83868374498525,52.6608074639723,2018,3,4,6.593,16.713,36.859,-4.35,4,2.974,15.632,21,30.117,0.166,2.244,40.628,77.016,1.627,1.703,4757.392,7.778,9.206,135.81,0,37.175,77.016,340
5.83545513381655,52.6608074640024,2018,3,5,3,26.444,33.111,-4.35,4,6.372,23.144,21,30.117,0.24,2.032,41.047,50.35,1.685,1.075,3033.592,3,50.341,707.153,0,41.047,50.35,340
5.83819505330222,52.6607625794303,2018,3,4,6,22.167,45.286,-4.35,4,4.984,22.497,21,30.117,0.247,2.203,36.978,53.017,0.959,1.268,3550.292,6.667,2.037,33.087,0,33.127,53.017,340
5.83792849531888,52.660744794807,2018,3,4,7.167,29.125,30.617,-4.35,4,6.383,23.322,21,30.117,0.246,2.25,42.334,105.435,1.826,2.248,6282.463,8.988,13.775,190.725,0,42.334,105.435,340
5.83834308196504,52.660708734222,2018,3,4,6,19,41.125,-4.35,4,3.579,9.088,21,30.117,0.117,2.25,0,51.038,1.637,1.231,3446.32,6,9.07,154.373,0,0,51.038,340
5.83720260652725,52.6606277889454,2018,3,4,9.851,21.595,30.147,-4.35,4,6.249,24.19,21,30.117,0.234,2.25,56.873,138.803,1.718,4.067,11291.914,9.973,51.832,981.388,0,56.925,138.803,340
5.83518315247922,52.6606729363912,2018,3,4.18,9.2,52.08,27.589,-4.35,4,6.42,23.204,21,30.117,0.232,2.25,37.436,127.973,1.313,4.369,12123.382,8.74,77.949,1465.234,0,37.436,127.973,340
5.8358993989114,52.6605912358641,2018,3,5,2.009,19.35,19.397,-4.35,4,6.424,23.445,21,30.117,0.235,2.25,42.388,25.575,1.664,0.553,1591.403,3,25.569,360.562,0,42.388,25.575,340
5.83545504442603,52.6606277939263,2018,3,5,2,18.944,34.944,-4.35,4,6.358,23.289,21,30.117,0.237,2.25,40.479,27.632,1.621,0.592,1698.911,3,27.624,386.586,0,40.479,27.632,340
5.83671395709394,52.6605295612393,2018,3,4,8.779,36.042,27.068,-4.35,4,6.307,23.751,21,30.117,0.237,2.221,49.515,156.408,1.781,3.299,9177.385,10,34.981,472.517,0,49.528,156.408,340
5.83567731136136,52.6605828547151,2018,3,5,3,27.5,21.278,-4.35,4,6.448,23.025,21,30.117,0.24,2.11,36.694,50.875,1.393,1.083,3071.225,3,50.894,716.086,0,36.694,50.875,340
5.83701015154991,52.6605380069702,2018,3,4,10,37.75,44.524,-4.35,4,6.448,23.785,21,30.117,0.236,2.25,48.327,139.997,2.567,4.396,12152.282,10,61.382,1176.658,0,59.387,139.997,340
5.83631402998656,52.660007750933,2018,3,4.847,3.931,29.184,30.024,-4.35,4,5.19,21.673,21,30.117,0.232,2.206,42.061,59.659,1.372,1.578,4418.152,4.071,50.331,774.073,0,42.061,59.659,340
5.83619559060915,52.6598642431631,2018,3,5,1.942,22.529,29.978,-4.35,4,2.627,9.096,21,30.117,0.125,2.25,3.087,28.216,1.957,0.603,1728.801,3,28.216,393.998,0,3.087,28.216,340
5.83563283986189,52.6624424240008,2018,3,4,8.825,27.884,26.611,-4.35,4,5.866,22.639,21,30.117,0.237,2.221,41.801,126.102,1.111,3.428,9534.3,9.71,37.271,695.386,0,42.182,126.102,360
5.83612157643125,52.6623076462031,2018,3,4,7.548,28.522,26.211,-4.35,4,6.363,23.131,21,30.117,0.24,2.195,38.726,119.319,1.61,2.541,7101.985,9.413,18.925,265.081,0,38.795,119.319,360
5.83752856432647,52.6621994770458,2018,3,4,4.782,28.366,27.562,-4.35,4,6.067,19.853,21,30.117,0.219,2.233,28.928,28.631,1.624,0.648,1844.541,4.58,9.007,135.234,0,26.793,28.631,360
5.83501077908504,52.6623345938552,2018,3,4,9.083,49.488,36.929,-4.35,4,4.839,23.306,21,30.117,0.236,2.25,129.455,179.215,0.486,3.763,10465.94,10,57.777,778.267,0,56.373,179.215,360
5.8380468899854,52.6622723051751,2018,3,4,4.418,44.032,34.908,-4.35,4,6.561,23.23,21,30.117,0.239,2.209,39.322,25.746,1.399,0.58,1677.903,4.445,8.067,122.858,0,36.572,25.746,360
5.83767664046808,52.6622898114576,2018,3,4,4,37.722,29.537,-4.35,4,6.73,23.032,21,30.117,0.249,2.25,35.784,13.078,1.825,0.276,836.436,3.444,6.479,91.95,0,33.606,13.078,360
5.83456646877802,52.6622537457947,2018,3,4,10,17.917,15.694,-4.35,4,3.886,18.717,21,30.117,0.236,2.25,0.892,196.414,1.939,4.117,11407.642,10,74.964,1000.136,0,0.808,196.414,360
5.83662578499422,52.6620926907317,2018,3,4,7.953,17.009,36.52,-4.35,4,5.553,17.858,21,30.117,0.19,2.25,25.309,123.652,1.436,2.627,7323.035,9.437,17.396,241.033,0,25.348,123.652,360
5.83631407629916,52.6621369723115,2018,3,4,7.953,17.009,36.52,-4.35,4,5.553,17.858,21,30.117,0.19,2.25,25.309,123.652,1.436,2.627,7323.035,9.437,17.396,241.033,0,25.348,123.652,360
5.83629923748567,52.6621728891636,2018,3,4,7.953,17.009,36.52,-4.35,4,5.553,17.858,21,30.117,0.19,2.25,25.309,123.652,1.436,2.627,7323.035,9.437,17.396,241.033,0,25.348,123.652,360
5.83427027704268,52.6621549672064,2018,3,4.836,3.255,36.52,22.54,-4.35,4,2.805,16.791,21,30.117,0.219,2.224,10.9,44.856,1.774,1.288,3607.882,4.148,34.851,561.82,0,10.9,44.856,360
5.83823934489969,52.6621100270055,2018,3,4,4.355,46.204,29.174,-4.35,4,6.719,23.711,21,30.117,0.239,2.246,46.625,26.761,1.635,0.595,1720.381,4.677,6.382,96.373,0,43.348,26.761,360
5.83701019401202,52.6620375342143,2018,3,4,6,14.629,29.328,-4.35,4,4.542,22.839,21,30.117,0.24,2.25,51.656,47.727,0.882,1.15,3231.283,6.055,5.026,91.236,0,46.402,47.727,360
5.83397404037867,52.6620740817245,2018,3,5,2,17.222,33.037,-4.35,4,3.142,22.462,21,30.117,0.24,2.25,52.446,27.437,1.104,0.582,1680.354,3,27.43,381.904,0,52.446,27.437,360
5.83789868198747,52.6619573498165,2018,3,4,4.555,27.406,23.202,-4.35,4,6.509,24.035,21,30.117,0.238,2.247,52.795,23.421,1.89,0.52,1494.861,4.244,8.502,126.175,0,49.363,23.421,360
5.83730643176821,52.6619120237637,2018,3,4,6,39.395,13.454,-4.35,4,6.437,23.753,21,30.117,0.24,2.25,48.803,64.17,1.595,1.495,4203.181,7.26,4.017,69.807,0,44.893,64.17,360
5.83656579633866,52.6619663077436,2018,3,4,8.833,12.083,54.208,-4.35,4,6.338,23.171,21,30.117,0.24,2.25,38.796,145.508,1.06,3.079,8578.483,10,24.066,332.367,0,39.025,145.508,360
5.83641772315041,52.6619842381257,2018,3,4,7,46,43.625,-4.35,4,6.383,23.488,21,30.117,0.24,2.25,44.138,111.375,1.896,2.383,6683.375,9,25.771,363.175,0,44.188,111.375,360
5.83389993624345,52.6619842456654,2018,3,4.5,6,49,36.104,-4.35,4,2.776,22.321,21,30.117,0.226,2.25,52.408,80.383,0.298,2.715,7563.488,6.5,49.903,930.863,0,52.408,80.383,360
5.83486266047592,52.6619129094124,2018,3,4,10,23.202,32.754,-4.35,4,6.305,23.871,21,30.117,0.235,2.25,50.854,194.228,2.597,4.206,11644.389,10,77.539,1056.13,0,62.657,194.228,360
5.83760266846168,52.6618401327286,2018,3,4,6.67,16.885,38.399,-4.35,4,6.454,23.942,21,30.117,0.24,2.25,51.986,80.452,2.046,1.77,4946.423,8.01,9.262,137.302,0,50.036,80.452,360
5.8340080690672,52.6618218846278,2018,3,4.042,10.583,50.961,18.437,-4.35,4,5.509,23.202,21,30.117,0.234,2.25,44.213,146.337,0.594,5.03,13950.493,9.708,87.876,1663.167,0,44.213,146.337,360
5.83413481467798,52.6616596260852,2018,3,4.229,8.708,50.803,27.9,-4.35,4,6.174,23.299,21,30.117,0.234,2.25,41.127,119.84,1.388,4.092,11369.24,8.396,72.829,1370.032,0,41.127,119.84,360
5.83882749207492,52.6617155840781,2018,3,4,5,59,29.542,-4.35,4,7.282,22.935,21,30.117,0.24,2.25,30.019,39.5,1.116,0.94,2639.95,5,16.883,272.95,0,26.875,39.5,360
5.83878961985362,52.6614493312682,2018,3,4,4.267,39.813,30.743,-4.35,4,6.601,23.74,21,30.117,0.239,2.209,48.076,19.544,1.823,0.44,1278.791,3.987,7.645,116.209,0,44.85,19.544,360
5.83579579701362,52.6609691715353,2018,3,4.248,8.035,30.075,29.595,-4.35,4,6.339,23.769,21,30.117,0.234,2.218,50.279,124.804,2.063,3.352,9308.98,8.262,54.831,919.62,0,52.421,124.804,360
5.83567713260679,52.6612120446515,2018,3,4.248,8.035,30.075,29.595,-4.35,4,6.339,23.769,21,30.117,0.234,2.218,50.279,124.804,2.063,3.352,9308.98,8.262,54.831,919.62,0,52.421,124.804,360
5.83579570708141,52.6615979801306,2018,3,4.248,8.035,30.075,29.595,-4.35,4,6.339,23.769,21,30.117,0.234,2.218,50.279,124.804,2.063,3.352,9308.98,8.262,54.831,919.62,0,52.421,124.804,360
5.83761755359952,52.6611847684145,2018,3,4,6.953,24.971,29.5,-4.35,4,6.395,24.061,21,30.117,0.241,2.233,55.106,94.936,2.131,2.058,5754.925,8.463,12.577,178.812,0,53.857,94.936,360
5.83733593095513,52.6612117629857,2018,3,4,6.953,24.971,29.5,-4.35,4,6.395,24.061,21,30.117,0.241,2.233,55.106,94.936,2.131,2.058,5754.925,8.463,12.577,178.812,0,53.857,94.936,360
5.83729145952943,52.661005090664,2018,3,4,6.953,24.971,29.5,-4.35,4,6.395,24.061,21,30.117,0.241,2.233,55.106,94.936,2.131,2.058,5754.925,8.463,12.577,178.812,0,53.857,94.936,360
5.83582529477618,52.6615261170711,2018,3,4,9.083,49.833,48.383,-4.35,4,6.414,23.917,21,30.117,0.236,2.25,51.174,179.957,2.021,3.779,10511.387,10,58.544,789.551,0,51.202,179.957,360
5.83816528713798,52.6612300994582,2018,3,4,6.341,24.856,28.342,-4.35,4,6.553,23.725,21,30.117,0.24,2.21,47.913,71.99,1.924,1.593,4457.263,7.579,6.485,98.876,0,46.082,71.99,360
5.83928607768039,52.6612655975054,2018,3,4,5.05,54.967,50.05,-4.35,4,7.003,22.719,21,30.117,0.242,2.25,26.75,39.291,1.4,0.94,2623.435,5,16.653,268.779,0,23.926,39.291,360
5.83730634220082,52.6612294408073,2018,3,4,8.104,12.972,36.29,-4.35,4,6.393,24.582,21,30.117,0.24,2.25,64.052,127.128,2.232,2.696,7516.56,9.679,17.227,236.534,0,63.979,127.128,360
5.83924667545607,52.6611128762957,2018,3,4,4.177,32.896,21.294,-4.35,4,5.622,21.366,21,30.117,0.251,2.184,22.583,17.475,1.57,0.374,1101.824,3.962,5.068,72.281,0,21.23,17.475,360
5.83918727525981,52.661103810704,2018,3,4,4.177,32.896,21.294,-4.35,4,5.622,21.366,21,30.117,0.251,2.184,22.583,17.475,1.57,0.374,1101.824,3.962,5.068,72.281,0,21.23,17.475,360
5.83782475771673,52.6611218680342,2018,3,4,6,23.444,23.759,-4.35,4,6.413,24.165,21,30.117,0.24,2.126,59.244,53.517,1.772,1.281,3590.754,6.667,2.54,42.519,0,53.224,53.517,360
5.83493671964496,52.661059035527,2018,3,5,1.05,50.567,21.375,-4.35,4,6.328,23.38,21,30.117,0.229,2.25,40.983,13.039,1.944,0.285,854.717,3,13.049,186.93,0,40.983,13.039,360
5.83849110849094,52.6608701430481,2018,3,4,5.935,25.072,27.049,-4.35,4,5.183,21.986,21,30.117,0.243,2.232,36.031,56.174,1.44,1.293,3623.108,6.551,6.865,108.835,0,31.292,56.174,360
5.83767663910589,52.6609511449844,2018,3,4,7.889,16.889,13.889,-4.35,4,6.411,24.012,21,30.117,0.242,2.25,53.949,120.774,2.118,2.568,7152.433,9.444,19.259,262.794,0,53.934,120.774,360
5.83763221805658,52.6606901345736,2018,3,4,7.047,33.534,32.071,-4.35,4,5.86,23.194,21,30.117,0.247,2.25,45.739,105.429,1.608,2.251,6295.725,8.904,17.543,243.904,0,45.351,105.429,360
5.83829870015363,52.6606637379252,2018,3,4,6,23.968,23.606,-4.35,4,2.773,13.148,21,30.117,0.138,2.244,48.609,54.7,0.638,1.289,3605.97,6.481,5.474,86.609,0,46.081,54.7,360
5.83735081473464,52.6606279005489,2018,3,4,10.2,11.8,33.325,-4.35,4,6.309,23.846,21,30.117,0.236,2.25,50.16,137.32,1.463,4.141,11492.967,10,52.153,1017.964,0,50.168,137.32,360
5.83538093976146,52.6606187911986,2018,3,5,1.5,26,28.833,-4.35,4,6.415,23.267,21,30.117,0.232,2.25,38.958,15.35,1.653,0.335,991.9,3,15.323,217.858,0,38.958,15.35,360
5.83520619743203,52.6606274350854,2018,3,4,11,51.611,36.863,-4.35,4,6.396,22.489,21,30.117,0.238,2.25,25.835,153.097,1.054,5.26,14588.242,10,92.106,1743.083,0,25.835,153.097,360
5.83589944136423,52.6605463486335,2018,3,5,2.088,22.616,27.315,-4.35,4,6.416,23.411,21,30.117,0.235,2.211,42.252,28.158,1.728,0.603,1728.553,3,28.16,394.436,0,42.252,28.158,360
5.83557357481101,52.6605828992069,2018,3,5,2.5,21.9,17.589,-4.35,4,6.43,23.244,21,30.117,0.239,2.25,39.543,39.437,1.609,0.836,2366.737,3,39.429,546.96,0,39.543,39.437,360
5.83708416575293,52.6605468981543,2018,3,4,10.274,41.726,34.345,-4.35,4,5.859,22.788,21,30.117,0.234,1.977,36.803,121.908,1.501,4.644,12847.254,10,60.927,1336.362,0,36.803,121.908,360
5.83686202961967,52.6604927289461,2018,3,4,9.036,31.682,28.258,-4.35,4,6.346,23.891,21,30.117,0.238,2.225,51.886,164.493,1.864,3.465,9632.653,10,43.058,580.372,0,51.906,164.493,360
5.8363437075528,52.6604926198023,2018,3,4,10,13.5,23.352,-4.35,4,6.363,23.654,21,30.117,0.237,2.25,46.891,193.294,2.208,4.054,11246.913,10,71.848,961.556,0,47.165,193.294,360
5.83619559062179,52.6604931096656,2018,3,4,10.222,46.778,40.685,-4.35,4,6.382,23.489,21,30.117,0.231,2.25,42.546,123.285,2.292,4.663,12904.444,10,62.298,1351.567,0,42.546,123.285,360
5.83634370592945,52.6600613599792,2018,3,5,2.568,17.107,30.367,-4.35,4,5.378,22.561,21,30.117,0.229,2.173,49.879,36.806,0.876,0.783,2222.099,3,36.813,512.591,0,49.879,36.806,360
5.8358993989114,52.6600888090421,2018,3,5,1.167,41.167,23.917,-4.35,4,6.38,23.794,21,30.117,0.235,2.25,48.531,11.933,1.458,0.263,786.883,3,11.959,171.242,0,48.531,11.933,360
5.8357686676278,52.6600439683066,2018,3,4,11,52.049,21.308,-4.35,4,6.394,22.606,21,30.117,0.237,2.25,28.004,153.243,1.461,5.271,14606.29,10,92.271,1747.363,0,28.004,153.243,360
5.83626964979091,52.6598701268,2018,3,5,2.104,27.768,42.09,-4.35,4,2.604,14.085,21,30.117,0.201,2.25,1.329,36.849,1.931,0.781,2211.338,3,36.843,509.967,0,1.329,36.849,360
5.83612153145266,52.6598193426211,2018,3,4.972,1.306,49.215,35.569,-4.34,4,2.765,17.351,21,30.117,0.212,2.25,0,15.917,1.349,0.396,1167.731,3.194,14.18,214.499,0,0,15.917,360
5.83582226240331,52.6626531437343,2018,3,4,7.825,29.844,32.4,-4.35,4,4.296,14.16,21,30.117,0.154,2.25,21.813,128.559,0.357,2.723,7611.654,9.667,19.076,264.059,0,21.868,128.559,380
5.8355735762523,52.6624962357523,2018,3,4,8.066,25.563,38.169,-4.35,4,6.343,23.127,21,30.117,0.256,2.25,40.34,129.534,1.969,2.932,8171.993,9.855,18.946,306.016,0,40.178,129.534,380
5.83508484075395,52.662396875006,2018,3,4,10.281,27.047,30.665,-4.35,4,3.6,14.929,21,30.117,0.16,2.25,26.847,150.273,0.51,4.45,12322.716,10,66.6,1214.491,0,32.737,150.273,380
5.83791379027601,52.6622806994051,2018,3,4,4.146,34.624,31.108,-4.35,4,5.745,22.558,21,30.117,0.231,2.187,43.166,13.731,1.321,0.304,900.3,3.573,6.574,98.242,0,40.545,13.731,380
5.83782475584177,52.6622268291682,2018,3,4,4.146,34.624,31.108,-4.35,4,5.745,22.558,21,30.117,0.231,2.187,43.166,13.731,1.321,0.304,900.3,3.573,6.574,98.242,0,40.545,13.731,380
5.83741016993987,52.6622986992309,2018,3,4,4.679,37.012,29.52,-4.35,4,4.342,14.867,21,30.117,0.193,2.236,7.459,29.919,1.543,0.677,1928.505,4.664,8.439,125.989,0,6.78,29.919,380
5.83749884314068,52.6623351434305,2018,3,4,4.679,37.012,29.52,-4.35,4,4.342,14.867,21,30.117,0.193,2.236,7.459,29.919,1.543,0.677,1928.505,4.664,8.439,125.989,0,6.78,29.919,380
5.83732103264961,52.6623768912594,2018,3,4,5,37.569,20.204,-4.35,4,3.277,12.17,21,30.117,0.163,2.25,0.634,35.766,0.842,0.813,2300.083,5,12.726,190.982,0,0.519,35.766,380
5.83538116343221,52.6623791976364,2018,3,4,11,39.333,41.828,-4.35,4,5.641,23.138,21,30.117,0.241,2.25,44.388,145.328,0.809,5.1,14134.772,10,84.329,1634.418,0,44.388,145.328,380
5.83812094888364,52.6623435392151,2018,3,4,5,42.75,13.667,-4.35,4,6.674,22.9,21,30.117,0.236,2.25,31.439,32.417,1.089,0.778,2214.226,5,10.641,170.597,0,26.75,32.417,380
5.83628448860439,52.6622543078338,2018,3,4,8.283,21.033,30.961,-4.35,4,6.384,23.065,21,30.117,0.24,2.25,36.672,135.346,1.352,2.87,8009.919,9.733,23.48,325.995,0,36.771,135.346,380
5.83493676432793,52.6623345913723,2018,3,4,9,37.167,43.167,-4.35,4,2.974,1.867,21,30.117,0.02,2.25,7.775,168.217,0.792,3.546,9842.608,10,46.794,630.75,0,7.892,168.217,380
5.8347886462729,52.6622986983342,2018,3,4,9,4.333,34.736,-4.35,4,5.482,21.363,21,30.117,0.274,2.25,13.394,142.504,2.067,3.014,8401.021,10,21.085,288.221,0,13.457,142.504,380
5.83456642379944,52.6622806439576,2018,3,4,9.753,21.652,38.525,-4.35,4,2.959,15.298,21,30.117,0.192,2.25,0,189.553,1.439,3.974,11028.557,10,68.104,910.618,0,0,189.553,380
5.83449240959642,52.6622447533619,2018,3,4,10,33.708,40.094,-4.35,4,3.109,19.452,21,30.117,0.249,2.25,7.857,197.135,4.155,4.344,12012.608,10,84.459,1143.79,0,14.127,197.135,380
5.83708416575293,52.6620926894755,2018,3,4,6.062,36.808,32.297,-4.35,4,5.145,22.659,21,30.117,0.237,2.25,42.624,66.644,0.834,1.511,4243.56,7.361,4.266,68.528,0,39.809,66.644,380
5.83427023208905,52.6621999223171,2018,3,5,1.497,36.91,17.557,-4.35,4,2.23,11.399,21,30.117,0.167,2.25,16.207,21.566,1.572,0.463,1329.088,3,21.58,299.671,0,16.207,21.566,380
5.83745450655803,52.6620650817037,2018,3,4,6.026,18.346,24.612,-4.35,4,6.601,23.138,21,30.117,0.248,2.153,38.628,52.006,1.541,1.238,3469.955,6.041,9.96,165.603,0,34.735,52.006,380
5.83760253754783,52.6621103657301,2018,3,4,5,41.25,36.276,-4.35,4,6.739,23.483,21,30.117,0.24,2.25,42.048,35.83,1.702,0.821,2321.343,5,12.905,196.046,0,38.307,35.83,380
5.83385559912236,52.6620201910816,2018,3,4.62,5.497,38.218,37.989,-4.35,4,2.596,20.124,21,30.117,0.219,2.18,50.021,77.474,0.611,2.407,6716.977,5.663,54.278,932.047,0,50.021,77.474,380
5.83656588646739,52.662064461716,2018,3,4,8.104,16.424,39.448,-4.35,4,4.966,16.743,21,30.117,0.179,2.25,14.552,126.777,1.52,2.695,7496.988,9.552,21.4,292.779,0,14.79,126.777,380
5.83789886157936,52.6619753027301,2018,3,4,4,49.75,40.792,-4.35,4,6.67,23.996,21,30.117,0.24,2.25,51.117,21.85,1.926,0.461,1365.125,4,6.97,94.671,0,48.158,21.85,380
5.83649178233217,52.6619752977187,2018,3,4,7.757,15.944,43.976,-4.35,4,6.356,23.484,21,30.117,0.24,2.25,44.393,123.242,1.738,2.611,7306.203,9.729,11.517,162.255,0,44.58,123.242,380
5.83749888783276,52.6618405135011,2018,3,4,6.51,29.733,29.467,-4.35,4,6.618,23.789,21,30.117,0.24,2.25,48.081,83.629,2.027,1.796,5028.339,8.414,5.129,72.674,0,47.712,83.629,380
5.83419617291993,52.6617506819493,2018,3,4.944,1.556,47.333,15.25,-4.35,4,6.149,23.694,21,30.117,0.225,2.25,46.313,16.186,1.79,0.462,1346.508,3.389,12.785,211.792,0,46.313,16.186,380
5.83412215871691,52.6617146818345,2018,3,4,11,51.75,27.286,-4.35,4,6.174,23.133,21,30.117,0.23,2.25,37.899,152.822,1.469,5.252,14568.873,10,91.841,1738.664,0,37.899,152.822,380
5.83933552847257,52.6611308766083,2018,3,4,5.007,27.817,25.05,-4.35,4,5.267,15.85,21,30.117,0.2,2.25,7.172,32.08,1.378,0.745,2114.796,4.903,10.235,160.095,0,6.223,32.08,380
5.83930571600867,52.6611577746159,2018,3,4,5.007,27.817,25.05,-4.35,4,5.267,15.85,21,30.117,0.2,2.25,7.172,32.08,1.378,0.745,2114.796,4.903,10.235,160.095,0,6.223,32.08,380
5.83819501118054,52.660673022358,2018,3,4,6,42.542,44.306,-4.35,4,2.615,23.587,21,30.117,0.231,2.219,131.726,69.879,0.8,1.527,4295.75,7.083,8.117,120.556,0,132.075,69.879,380
5.83789877695416,52.660655294752,2018,3,4,7.7,19.365,31.035,-4.35,4,5.485,22.901,21,30.117,0.259,2.25,43.843,119.563,1.738,2.541,7090.495,9.475,16.963,233.425,0,42.942,119.563,380
5.83834308143723,52.6606367892318,2018,3,4,6,32.771,18.499,-4.35,4,2.552,19.284,21,30.117,0.194,2.249,73.742,59.673,0.204,1.405,3940.404,6.834,5.644,88.487,0,67.773,59.673,380
5.83745441723614,52.6606277864627,2018,3,4,8.25,11,28.25,-4.35,4,6.41,23.9,21,30.117,0.24,2.25,51.5,135.788,1.729,2.875,8013.237,10,14.366,200.125,0,51.263,135.788,380
5.8372619636353,52.6605651170848,2018,3,4,11,29.632,15.14,-4.35,4,6.085,24.292,21,30.117,0.231,2.25,59.931,140.234,1.949,5.005,13865.664,10,79.244,1571.411,0,59.931,140.234,380
5.83545509136082,52.6605655027984,2018,3,5,2,17.316,27.228,-4.35,4,6.388,23.23,21,30.117,0.238,2.25,39.105,26.42,1.696,0.568,1628.037,3,26.428,369.529,0,39.105,26.42,380
5.83523291135542,52.6605925540669,2018,3,4,11,51,42.284,-4.35,4,6.385,22.786,21,30.117,0.239,2.25,31.534,152.72,1.387,5.25,14565.252,10,91.744,1737.619,0,31.534,152.72,380
5.8358252935355,52.660466077873,2018,3,5,2.741,18.718,26.325,-4.35,4,6.418,22.941,21,30.117,0.238,2.186,34.518,41.818,1.606,0.887,2501.167,3,41.813,579.492,0,34.518,41.818,380
5.83701010799949,52.6604934458232,2018,3,4,10,27.319,46.13,-4.35,4,6.421,23.106,21,30.117,0.24,2.25,37.066,196.706,2.264,4.253,11767.231,10,80.262,1086.159,0,60.806,196.706,380
5.83616586802871,52.6604032233188,2018,3,4.623,5.073,29.672,32.357,-4.35,4,6.383,23.616,21,30.117,0.23,2.25,44.751,71.194,2.316,2.109,5889.884,5.639,43.321,740.477,0,47.275,71.194,380
5.83678801900879,52.6604571060097,2018,3,4,9,25.333,39.069,-4.35,4,6.396,23.838,21,30.117,0.24,2.25,50.507,159.4,1.917,3.367,9355.042,10,37.977,514.45,0,50.449,159.4,380
5.83641785806135,52.660448061161,2018,3,4,10,6.75,40,-4.35,4,6.412,23.688,21,30.117,0.233,2.25,46.246,188.617,1.701,3.958,10994.967,10,67.164,901.433,0,46.271,188.617,380
5.83631407684092,52.6601786539664,2018,3,5,1.7,24,29.1,-4.35,4,5.904,23.441,21,30.117,0.233,2.25,44.91,20.058,1.263,0.437,1278.96,3,20.064,286.178,0,44.91,20.058,380
5.83589944246181,52.6601333160552,2018,3,4.855,3.478,27.551,35.793,-4.35,4,6.374,23.922,21,30.117,0.239,2.25,51.862,50.021,1.537,1.361,3819.321,4.014,41.183,643.959,0,51.862,50.021,380
5.83649173878196,52.6600443020276,2018,3,5,1.441,31.941,33.078,-4.35,4,2.722,18.314,21,30.117,0.195,2.25,38.995,15.967,0.612,0.347,1031.365,3,15.965,228.434,0,38.995,15.967,380
5.83641781282437,52.6599180794039,2018,3,5,3,17.121,43.327,-4.35,4,2.284,12.979,21,30.117,0.138,2.012,37.664,46.31,0.336,0.977,2743.812,3,46.297,638,0,37.664,46.31,380
5.83619769875879,52.6598277704114,2018,3,5,1.428,39.736,35.159,-4.35,4,2.715,12.15,21,30.117,0.156,2.25,0.795,20.581,1.633,0.44,1285.614,3,20.561,288.831,0,0.795,20.581,380
5.83570694399711,52.6626760101811,2018,3,4.009,9.201,29.987,32.627,-4.35,4,3.56,15.149,21,30.117,0.172,2.231,27.274,141.053,1.141,3.706,10289.645,9.787,47.457,820.777,0,28.563,141.053,400
5.83524780955257,52.6625142416733,2018,3,4.009,9.201,29.987,32.627,-4.35,4,3.56,15.149,21,30.117,0.172,2.231,27.274,141.053,1.141,3.706,10289.645,9.787,47.457,820.777,0,28.563,141.053,400
5.83484782166243,52.6624424501688,2018,3,4.009,9.201,29.987,32.627,-4.35,4,3.56,15.149,21,30.117,0.172,2.231,27.274,141.053,1.141,3.706,10289.645,9.787,47.457,820.777,0,28.563,141.053,400
5.83782503842125,52.6625068518978,2018,3,4,4.422,39.421,27.445,-4.35,4,3.751,17.743,21,30.117,0.191,2.249,26.342,23.403,0.744,0.523,1513.738,4.204,8.794,131.47,0,23.951,23.403,400
5.83782471249052,52.6621100790527,2018,3,4,5.511,26.219,31.672,-4.35,4,5.744,21.969,21,30.117,0.233,2.225,38.588,48.711,1.545,1.086,3058.129,5.962,7.313,110.402,0,36.796,48.711,400
5.83619563558789,52.6622363625253,2018,3,4,7.833,15.31,23.523,-4.35,4,6.38,23.044,21,30.117,0.24,2.25,36.284,124.464,1.595,2.637,7374.817,9.756,11.787,165.562,0,36.341,124.464,400
5.83416667488485,52.6621729225368,2018,3,5,2.805,18.111,26.005,-4.35,4,1.397,19.386,21,30.117,0.251,2.056,6.738,42.576,1.558,0.902,2545.514,3,42.589,590.606,0,6.738,42.576,400
5.83391486498914,52.6620900634696,2018,3,5,2,13.778,27.185,-4.35,4,3.006,22.285,21,30.117,0.24,2.25,47.162,25.662,1.215,0.547,1586.267,3,25.648,358.993,0,47.162,25.662,400
5.83384076085392,52.6620552090767,2018,3,5,1,44.532,35.144,-4.35,4,1.817,6.286,21,30.117,0.062,2.25,34.528,7.33,0.411,0.158,497.568,3,7.324,108.254,0,34.528,7.33,400
5.83652137002693,52.6620201910203,2018,3,4,8.356,11.507,44.044,-4.35,4,6.013,22.561,21,30.117,0.239,2.25,32.093,133.871,1.472,2.837,7907.915,9.844,18.03,249.258,0,32.26,133.871,400
5.83926142438609,52.6609691715353,2018,3,4,4.401,34.849,21.942,-4.35,4,3.182,11.382,21,30.117,0.139,2.171,10.789,18.971,1.029,0.441,1286.631,3.901,8.707,134.587,0,9.934,18.971,400
5.83929098639348,52.6610357921709,2018,3,4,4.401,34.849,21.942,-4.35,4,3.182,11.382,21,30.117,0.139,2.171,10.789,18.971,1.029,0.441,1286.631,3.901,8.707,134.587,0,9.934,18.971,400
5.83607719482789,52.6603762753257,2018,3,4.234,7.746,31.196,30.165,-4.35,4,5.112,21.678,21,30.117,0.227,2.229,42.197,120.045,1.402,3.145,8743.254,8.234,49.149,816.583,0,44.266,120.045,400
5.83803223098757,52.6605020612935,2018,3,4.234,7.746,31.196,30.165,-4.35,4,5.112,21.678,21,30.117,0.227,2.229,42.197,120.045,1.402,3.145,8743.254,8.234,49.149,816.583,0,44.266,120.045,400
5.83687686750516,52.6603020130087,2018,3,4.234,7.746,31.196,30.165,-4.35,4,5.112,21.678,21,30.117,0.227,2.229,42.197,120.045,1.402,3.145,8743.254,8.234,49.149,816.583,0,44.266,120.045,400
5.83801721235843,52.6606458181389,2018,3,4.234,7.746,31.196,30.165,-4.35,4,5.112,21.678,21,30.117,0.227,2.229,42.197,120.045,1.402,3.145,8743.254,8.234,49.149,816.583,0,44.266,120.045,400
